[{"model": "auth.permission", "pk": 1, "fields": {"name": "Can add log entry", "content_type": 1, "codename": "add_logentry"}}, {"model": "auth.permission", "pk": 2, "fields": {"name": "Can change log entry", "content_type": 1, "codename": "change_logentry"}}, {"model": "auth.permission", "pk": 3, "fields": {"name": "Can delete log entry", "content_type": 1, "codename": "delete_logentry"}}, {"model": "auth.permission", "pk": 4, "fields": {"name": "Can view log entry", "content_type": 1, "codename": "view_logentry"}}, {"model": "auth.permission", "pk": 5, "fields": {"name": "Can add permission", "content_type": 2, "codename": "add_permission"}}, {"model": "auth.permission", "pk": 6, "fields": {"name": "Can change permission", "content_type": 2, "codename": "change_permission"}}, {"model": "auth.permission", "pk": 7, "fields": {"name": "Can delete permission", "content_type": 2, "codename": "delete_permission"}}, {"model": "auth.permission", "pk": 8, "fields": {"name": "Can view permission", "content_type": 2, "codename": "view_permission"}}, {"model": "auth.permission", "pk": 9, "fields": {"name": "Can add group", "content_type": 3, "codename": "add_group"}}, {"model": "auth.permission", "pk": 10, "fields": {"name": "Can change group", "content_type": 3, "codename": "change_group"}}, {"model": "auth.permission", "pk": 11, "fields": {"name": "Can delete group", "content_type": 3, "codename": "delete_group"}}, {"model": "auth.permission", "pk": 12, "fields": {"name": "Can view group", "content_type": 3, "codename": "view_group"}}, {"model": "auth.permission", "pk": 13, "fields": {"name": "Can add user", "content_type": 4, "codename": "add_user"}}, {"model": "auth.permission", "pk": 14, "fields": {"name": "Can change user", "content_type": 4, "codename": "change_user"}}, {"model": "auth.permission", "pk": 15, "fields": {"name": "Can delete user", "content_type": 4, "codename": "delete_user"}}, {"model": "auth.permission", "pk": 16, "fields": {"name": "Can view user", "content_type": 4, "codename": "view_user"}}, {"model": "auth.permission", "pk": 17, "fields": {"name": "Can add content type", "content_type": 5, "codename": "add_contenttype"}}, {"model": "auth.permission", "pk": 18, "fields": {"name": "Can change content type", "content_type": 5, "codename": "change_contenttype"}}, {"model": "auth.permission", "pk": 19, "fields": {"name": "Can delete content type", "content_type": 5, "codename": "delete_contenttype"}}, {"model": "auth.permission", "pk": 20, "fields": {"name": "Can view content type", "content_type": 5, "codename": "view_contenttype"}}, {"model": "auth.permission", "pk": 21, "fields": {"name": "Can add session", "content_type": 6, "codename": "add_session"}}, {"model": "auth.permission", "pk": 22, "fields": {"name": "Can change session", "content_type": 6, "codename": "change_session"}}, {"model": "auth.permission", "pk": 23, "fields": {"name": "Can delete session", "content_type": 6, "codename": "delete_session"}}, {"model": "auth.permission", "pk": 24, "fields": {"name": "Can view session", "content_type": 6, "codename": "view_session"}}, {"model": "auth.permission", "pk": 25, "fields": {"name": "Can add dish", "content_type": 7, "codename": "add_dish"}}, {"model": "auth.permission", "pk": 26, "fields": {"name": "Can change dish", "content_type": 7, "codename": "change_dish"}}, {"model": "auth.permission", "pk": 27, "fields": {"name": "Can delete dish", "content_type": 7, "codename": "delete_dish"}}, {"model": "auth.permission", "pk": 28, "fields": {"name": "Can view dish", "content_type": 7, "codename": "view_dish"}}, {"model": "auth.permission", "pk": 29, "fields": {"name": "Can add product", "content_type": 8, "codename": "add_product"}}, {"model": "auth.permission", "pk": 30, "fields": {"name": "Can change product", "content_type": 8, "codename": "change_product"}}, {"model": "auth.permission", "pk": 31, "fields": {"name": "Can delete product", "content_type": 8, "codename": "delete_product"}}, {"model": "auth.permission", "pk": 32, "fields": {"name": "Can view product", "content_type": 8, "codename": "view_product"}}, {"model": "auth.permission", "pk": 33, "fields": {"name": "Can add project", "content_type": 9, "codename": "add_project"}}, {"model": "auth.permission", "pk": 34, "fields": {"name": "Can change project", "content_type": 9, "codename": "change_project"}}, {"model": "auth.permission", "pk": 35, "fields": {"name": "Can delete project", "content_type": 9, "codename": "delete_project"}}, {"model": "auth.permission", "pk": 36, "fields": {"name": "Can view project", "content_type": 9, "codename": "view_project"}}, {"model": "auth.permission", "pk": 37, "fields": {"name": "Can add skill", "content_type": 10, "codename": "add_skill"}}, {"model": "auth.permission", "pk": 38, "fields": {"name": "Can change skill", "content_type": 10, "codename": "change_skill"}}, {"model": "auth.permission", "pk": 39, "fields": {"name": "Can delete skill", "content_type": 10, "codename": "delete_skill"}}, {"model": "auth.permission", "pk": 40, "fields": {"name": "Can view skill", "content_type": 10, "codename": "view_skill"}}, {"model": "auth.permission", "pk": 41, "fields": {"name": "Can add diary record", "content_type": 11, "codename": "add_diaryrecord"}}, {"model": "auth.permission", "pk": 42, "fields": {"name": "Can change diary record", "content_type": 11, "codename": "change_diaryrecord"}}, {"model": "auth.permission", "pk": 43, "fields": {"name": "Can delete diary record", "content_type": 11, "codename": "delete_diaryrecord"}}, {"model": "auth.permission", "pk": 44, "fields": {"name": "Can view diary record", "content_type": 11, "codename": "view_diaryrecord"}}, {"model": "auth.permission", "pk": 45, "fields": {"name": "Can add ingredient", "content_type": 12, "codename": "add_ingredient"}}, {"model": "auth.permission", "pk": 46, "fields": {"name": "Can change ingredient", "content_type": 12, "codename": "change_ingredient"}}, {"model": "auth.permission", "pk": 47, "fields": {"name": "Can delete ingredient", "content_type": 12, "codename": "delete_ingredient"}}, {"model": "auth.permission", "pk": 48, "fields": {"name": "Can view ingredient", "content_type": 12, "codename": "view_ingredient"}}, {"model": "auth.permission", "pk": 49, "fields": {"name": "Can add user", "content_type": 13, "codename": "add_user"}}, {"model": "auth.permission", "pk": 50, "fields": {"name": "Can change user", "content_type": 13, "codename": "change_user"}}, {"model": "auth.permission", "pk": 51, "fields": {"name": "Can delete user", "content_type": 13, "codename": "delete_user"}}, {"model": "auth.permission", "pk": 52, "fields": {"name": "Can view user", "content_type": 13, "codename": "view_user"}}, {"model": "auth.permission", "pk": 53, "fields": {"name": "Can add blacklisted token", "content_type": 14, "codename": "add_blacklistedtoken"}}, {"model": "auth.permission", "pk": 54, "fields": {"name": "Can change blacklisted token", "content_type": 14, "codename": "change_blacklistedtoken"}}, {"model": "auth.permission", "pk": 55, "fields": {"name": "Can delete blacklisted token", "content_type": 14, "codename": "delete_blacklistedtoken"}}, {"model": "auth.permission", "pk": 56, "fields": {"name": "Can view blacklisted token", "content_type": 14, "codename": "view_blacklistedtoken"}}, {"model": "auth.permission", "pk": 57, "fields": {"name": "Can add outstanding token", "content_type": 15, "codename": "add_outstandingtoken"}}, {"model": "auth.permission", "pk": 58, "fields": {"name": "Can change outstanding token", "content_type": 15, "codename": "change_outstandingtoken"}}, {"model": "auth.permission", "pk": 59, "fields": {"name": "Can delete outstanding token", "content_type": 15, "codename": "delete_outstandingtoken"}}, {"model": "auth.permission", "pk": 60, "fields": {"name": "Can view outstanding token", "content_type": 15, "codename": "view_outstandingtoken"}}, {"model": "contenttypes.contenttype", "pk": 1, "fields": {"app_label": "admin", "model": "logentry"}}, {"model": "contenttypes.contenttype", "pk": 2, "fields": {"app_label": "auth", "model": "permission"}}, {"model": "contenttypes.contenttype", "pk": 3, "fields": {"app_label": "auth", "model": "group"}}, {"model": "contenttypes.contenttype", "pk": 4, "fields": {"app_label": "auth", "model": "user"}}, {"model": "contenttypes.contenttype", "pk": 5, "fields": {"app_label": "contenttypes", "model": "contenttype"}}, {"model": "contenttypes.contenttype", "pk": 6, "fields": {"app_label": "sessions", "model": "session"}}, {"model": "contenttypes.contenttype", "pk": 7, "fields": {"app_label": "backend", "model": "dish"}}, {"model": "contenttypes.contenttype", "pk": 8, "fields": {"app_label": "backend", "model": "product"}}, {"model": "contenttypes.contenttype", "pk": 9, "fields": {"app_label": "backend", "model": "project"}}, {"model": "contenttypes.contenttype", "pk": 10, "fields": {"app_label": "backend", "model": "skill"}}, {"model": "contenttypes.contenttype", "pk": 11, "fields": {"app_label": "backend", "model": "diaryrecord"}}, {"model": "contenttypes.contenttype", "pk": 12, "fields": {"app_label": "backend", "model": "ingredient"}}, {"model": "contenttypes.contenttype", "pk": 13, "fields": {"app_label": "backend", "model": "user"}}, {"model": "contenttypes.contenttype", "pk": 14, "fields": {"app_label": "token_blacklist", "model": "blacklistedtoken"}}, {"model": "contenttypes.contenttype", "pk": 15, "fields": {"app_label": "token_blacklist", "model": "outstandingtoken"}}, {"model": "backend.user", "pk": 1, "fields": {"password": "pbkdf2_sha256$870000$lUMAleWS3705YkZedrZdLC$Zf6qV3aZn/tWL6DCiQPoFEZZ+rbzVmeYFDSDq+UqwkE=", "last_login": null, "is_superuser": false, "is_staff": false, "is_active": true, "date_joined": "2025-01-29T18:51:53.547Z", "email": "", "name": "a", "image": "", "age": 18, "calories_d": null, "protein_d": null, "carbohydrate_d": null, "fat_d": null, "height": null, "weight": 0, "activity_level": 1, "gender": "woman", "goal": "loss", "groups": [], "user_permissions": []}}, {"model": "backend.user", "pk": 2, "fields": {"password": "pbkdf2_sha256$870000$u8YeZxb3E8Mwz1VL1awHrU$xIlj12TXVqc/wIGSkMDMIEc1aCjVnbryOZ3UhRtAoZc=", "last_login": null, "is_superuser": false, "is_staff": false, "is_active": true, "date_joined": "2025-01-30T10:00:36.869Z", "email": "a@gmail.com", "name": "nana", "image": "cat-user.jpeg", "age": 18, "calories_d": 1200, "protein_d": 88, "carbohydrate_d": 177, "fat_d": 39, "height": 156, "weight": 56, "activity_level": 2, "gender": "female", "goal": "lose", "groups": [], "user_permissions": []}}, {"model": "backend.user", "pk": 3, "fields": {"password": "pbkdf2_sha256$870000$Pg73NRPmNEEa63Y4PGouNs$o6JSuUWjSwi7hM14bihfF7L1onJMKTHxoRkAAaRclFo=", "last_login": null, "is_superuser": false, "is_staff": false, "is_active": true, "date_joined": "2025-01-30T10:03:00.183Z", "email": "aa@gmail.com", "name": "a", "image": "", "age": 18, "calories_d": 0, "protein_d": 0, "carbohydrate_d": 0, "fat_d": 0, "height": 0, "weight": 0, "activity_level": 1, "gender": "woman", "goal": "loss", "groups": [], "user_permissions": []}}, {"model": "backend.user", "pk": 4, "fields": {"password": "pbkdf2_sha256$870000$NPFyESmm3fFArJOYNaAXRY$c7A4/rnAff4F3gW4rMI8Hn/XkcNgztYbgwpT9B6Qd40=", "last_login": null, "is_superuser": false, "is_staff": false, "is_active": true, "date_joined": "2025-01-30T10:58:16.293Z", "email": "aaa@gmail.com", "name": "aaa", "image": "", "age": 18, "calories_d": 0, "protein_d": 0, "carbohydrate_d": 0, "fat_d": 0, "height": 0, "weight": 0, "activity_level": 1, "gender": "woman", "goal": "loss", "groups": [], "user_permissions": []}}, {"model": "backend.user", "pk": 5, "fields": {"password": "pbkdf2_sha256$870000$9r95zqNLm7Js1m5nmtCtHA$4EnrI/aMcHf+LKLqdtCcqjDuyiQe1lY71DnGAb53ZNM=", "last_login": null, "is_superuser": false, "is_staff": false, "is_active": true, "date_joined": "2025-01-30T11:23:29.330Z", "email": "b@gmail.com", "name": "a", "image": "", "age": 18, "calories_d": 0, "protein_d": 0, "carbohydrate_d": 0, "fat_d": 0, "height": 0, "weight": 0, "activity_level": 1, "gender": "woman", "goal": "loss", "groups": [], "user_permissions": []}}, {"model": "backend.user", "pk": 6, "fields": {"password": "pbkdf2_sha256$870000$kmm4eWwB32dgxngBzhRbXr$6ScDvnyv34kMMucKsuxpURMSDF2Db+wgXtnj9Mdho38=", "last_login": null, "is_superuser": false, "is_staff": false, "is_active": true, "date_joined": "2025-01-30T13:54:02.952Z", "email": "aaaa@gmail.com", "name": "a", "image": "", "age": 18, "calories_d": -102, "protein_d": -5, "carbohydrate_d": -14, "fat_d": -3, "height": 0, "weight": 0, "activity_level": 1, "gender": "woman", "goal": "loss", "groups": [], "user_permissions": []}}, {"model": "backend.user", "pk": 7, "fields": {"password": "pbkdf2_sha256$870000$zrM3s4GRi6BJi4GZaZk6xe$Z1IsmjQ9sYrhctBCd7Ob3cPaJWKWQFchM3gHbmmMb2c=", "last_login": null, "is_superuser": false, "is_staff": false, "is_active": true, "date_joined": "2025-01-30T13:55:01.167Z", "email": "q@gmail.com", "name": "a", "image": "", "age": 18, "calories_d": 0, "protein_d": 0, "carbohydrate_d": 0, "fat_d": 0, "height": 0, "weight": 0, "activity_level": 1, "gender": "woman", "goal": "loss", "groups": [], "user_permissions": []}}, {"model": "backend.project", "pk": 1, "fields": {"name": "Beauty Salon", "description": "A website with information about all services and prices providing an easy-to-use UI.", "tools": "Python,CSS,HTML,JavaScript,Django,i18-next"}}, {"model": "backend.project", "pk": 2, "fields": {"name": "Restaurant Manager", "description": "An application to manage workers, their data, drinks, stock levels, dishes, and pricing in restaurants.", "tools": "Python,Django,REST Framework,CSS,Bootstrap,TypeScript,React"}}, {"model": "backend.skill", "pk": 1, "fields": {"name": "Python", "image": "python.png", "experience": 4}}, {"model": "backend.skill", "pk": 2, "fields": {"name": "Django", "image": "django.png", "experience": 3}}, {"model": "backend.skill", "pk": 3, "fields": {"name": "HTML5", "image": "html5.png", "experience": 3}}, {"model": "backend.skill", "pk": 4, "fields": {"name": "JavaScript", "image": "js.png", "experience": 3}}, {"model": "backend.skill", "pk": 5, "fields": {"name": "CSS3", "image": "CSS3.png", "experience": 2}}, {"model": "backend.skill", "pk": 6, "fields": {"name": "React", "image": "react.png", "experience": 1}}, {"model": "backend.skill", "pk": 7, "fields": {"name": "Bootstrap", "image": "bootstrap.png", "experience": 1}}, {"model": "backend.product", "pk": 2, "fields": {"name": "Sunflower seeds", "image": "", "calories": 661, "protein": 25, "carbohydrate": 5, "fat": 60}}, {"model": "backend.product", "pk": 4, "fields": {"name": "Apple", "image": "", "calories": 62, "protein": 0, "carbohydrate": 12, "fat": 0}}, {"model": "backend.product", "pk": 5, "fields": {"name": "Clementine", "image": "", "calories": 56, "protein": 0, "carbohydrate": 12, "fat": 0}}, {"model": "backend.product", "pk": 6, "fields": {"name": "Bread", "image": "", "calories": 263, "protein": 9, "carbohydrate": 46, "fat": 4}}, {"model": "backend.product", "pk": 7, "fields": {"name": "Falukorv", "image": "", "calories": 260, "protein": 9, "carbohydrate": 4, "fat": 23}}, {"model": "backend.product", "pk": 8, "fields": {"name": "Edamer", "image": "", "calories": 319, "protein": 27, "carbohydrate": 0, "fat": 23}}, {"model": "backend.product", "pk": 9, "fields": {"name": "Milk", "image": "", "calories": 45, "protein": 4, "carbohydrate": 5, "fat": 2}}, {"model": "backend.product", "pk": 11, "fields": {"name": "Carrot", "image": "", "calories": 41, "protein": 1, "carbohydrate": 7, "fat": 0}}, {"model": "backend.product", "pk": 12, "fields": {"name": "Gradfill", "image": "", "calories": 140, "protein": 3, "carbohydrate": 3, "fat": 12}}, {"model": "backend.product", "pk": 13, "fields": {"name": "Polenta", "image": "", "calories": 360, "protein": 7, "carbohydrate": 76, "fat": 3}}, {"model": "backend.product", "pk": 14, "fields": {"name": "Parmejan biraghi", "image": "", "calories": 418, "protein": 37, "carbohydrate": 0, "fat": 30}}, {"model": "backend.product", "pk": 15, "fields": {"name": "Creame(gradde)", "image": "", "calories": 340, "protein": 2, "carbohydrate": 3, "fat": 36}}, {"model": "backend.product", "pk": 16, "fields": {"name": "Beef", "image": "", "calories": 250, "protein": 26, "carbohydrate": 0, "fat": 15}}, {"model": "backend.product", "pk": 17, "fields": {"name": "Butter", "image": "", "calories": 739, "protein": 1, "carbohydrate": 1, "fat": 82}}, {"model": "backend.product", "pk": 18, "fields": {"name": "Oboy", "image": "", "calories": 386, "protein": 5, "carbohydrate": 82, "fat": 3}}, {"model": "backend.product", "pk": 19, "fields": {"name": "Vinegar", "image": "", "calories": 32, "protein": 0, "carbohydrate": 0, "fat": 0}}, {"model": "backend.product", "pk": 20, "fields": {"name": "Oil", "image": "", "calories": 828, "protein": 0, "carbohydrate": 0, "fat": 92}}, {"model": "backend.product", "pk": 21, "fields": {"name": "Garlic", "image": "", "calories": 150, "protein": 6, "carbohydrate": 31, "fat": 1}}, {"model": "backend.product", "pk": 22, "fields": {"name": "Sugar", "image": "", "calories": 387, "protein": 0, "carbohydrate": 100, "fat": 0}}, {"model": "backend.product", "pk": 23, "fields": {"name": "Redd kyckling sopp", "image": "", "calories": 23, "protein": 0, "carbohydrate": 0, "fat": 0}}, {"model": "backend.product", "pk": 24, "fields": {"name": "Flour", "image": "", "calories": 334, "protein": 10, "carbohydrate": 70, "fat": 1}}, {"model": "backend.product", "pk": 25, "fields": {"name": "Kefir", "image": "", "calories": 50, "protein": 3, "carbohydrate": 4, "fat": 3}}, {"model": "backend.product", "pk": 26, "fields": {"name": "Champinion", "image": "", "calories": 27, "protein": 4, "carbohydrate": 0, "fat": 1}}, {"model": "backend.product", "pk": 27, "fields": {"name": "Onion", "image": "", "calories": 41, "protein": 5, "carbohydrate": 10, "fat": 0}}, {"model": "backend.product", "pk": 28, "fields": {"name": "Olive oil", "image": "", "calories": 800, "protein": 0, "carbohydrate": 13, "fat": 91}}, {"model": "backend.product", "pk": 29, "fields": {"name": "Mozarella", "image": "", "calories": 301, "protein": 24, "carbohydrate": 3, "fat": 21}}, {"model": "backend.product", "pk": 30, "fields": {"name": "Sour blast", "image": "", "calories": 380, "protein": 3, "carbohydrate": 86, "fat": 3}}, {"model": "backend.product", "pk": 31, "fields": {"name": "French fries", "image": "", "calories": 155, "protein": 3, "carbohydrate": 27, "fat": 4}}, {"model": "backend.product", "pk": 32, "fields": {"name": "Chicken cottlet", "image": "", "calories": 250, "protein": 12, "carbohydrate": 9, "fat": 15}}, {"model": "backend.product", "pk": 33, "fields": {"name": "Tartar souse", "image": "", "calories": 370, "protein": 1, "carbohydrate": 7, "fat": 37}}, {"model": "backend.product", "pk": 34, "fields": {"name": "Senap", "image": "", "calories": 220, "protein": 4, "carbohydrate": 43, "fat": 3}}, {"model": "backend.product", "pk": 35, "fields": {"name": "Greak youghurt", "image": "", "calories": 68, "protein": 4, "carbohydrate": 5, "fat": 4}}, {"model": "backend.product", "pk": 36, "fields": {"name": "Musli berries", "image": "", "calories": 354, "protein": 10, "carbohydrate": 63, "fat": 4}}, {"model": "backend.product", "pk": 38, "fields": {"name": "Pizza peperoni", "image": "", "calories": 267, "protein": 11, "carbohydrate": 27, "fat": 12}}, {"model": "backend.product", "pk": 39, "fields": {"name": "Tomato", "image": "", "calories": 20, "protein": 1, "carbohydrate": 4, "fat": 0}}, {"model": "backend.product", "pk": 40, "fields": {"name": "Egg", "image": "", "calories": 157, "protein": 12, "carbohydrate": 1, "fat": 12}}, {"model": "backend.product", "pk": 41, "fields": {"name": "Kalkon", "image": "", "calories": 99, "protein": 21, "carbohydrate": 1, "fat": 1}}, {"model": "backend.product", "pk": 42, "fields": {"name": "Tortilia", "image": "", "calories": 299, "protein": 9, "carbohydrate": 53, "fat": 5}}, {"model": "backend.product", "pk": 43, "fields": {"name": "Coffe syrup salted caramel", "image": "", "calories": 244, "protein": 0, "carbohydrate": 61, "fat": 0}}, {"model": "backend.product", "pk": 44, "fields": {"name": "Black chocolate", "image": "products/chat_yxFxZzm.png", "calories": 505, "protein": 7, "carbohydrate": 49, "fat": 29}}, {"model": "backend.product", "pk": 45, "fields": {"name": "Rise", "image": "", "calories": 303, "protein": 8, "carbohydrate": 62, "fat": 3}}, {"model": "backend.product", "pk": 46, "fields": {"name": "Corny brownie", "image": "", "calories": 424, "protein": 6, "carbohydrate": 65, "fat": 14}}, {"model": "backend.product", "pk": 47, "fields": {"name": "Beef steak", "image": "", "calories": 142, "protein": 22, "carbohydrate": 0, "fat": 6}}, {"model": "backend.product", "pk": 48, "fields": {"name": "Sneakers", "image": "", "calories": 536, "protein": 11, "carbohydrate": 53, "fat": 31}}, {"model": "backend.product", "pk": 49, "fields": {"name": "Kosichka", "image": "", "calories": 320, "protein": 20, "carbohydrate": 2, "fat": 26}}, {"model": "backend.product", "pk": 50, "fields": {"name": "Putasu", "image": "", "calories": 82, "protein": 19, "carbohydrate": 0, "fat": 1}}, {"model": "backend.product", "pk": 51, "fields": {"name": "Salsicia", "image": "", "calories": 281, "protein": 16, "carbohydrate": 0, "fat": 24}}, {"model": "backend.product", "pk": 52, "fields": {"name": "Makaroni", "image": "", "calories": 361, "protein": 11, "carbohydrate": 72, "fat": 2}}, {"model": "backend.product", "pk": 53, "fields": {"name": "Tomato crashed", "image": "", "calories": 20, "protein": 1, "carbohydrate": 4, "fat": 0}}, {"model": "backend.product", "pk": 54, "fields": {"name": "Tartar sause", "image": "", "calories": 370, "protein": 1, "carbohydrate": 7, "fat": 37}}, {"model": "backend.product", "pk": 55, "fields": {"name": "Cucumber", "image": "", "calories": 16, "protein": 0, "carbohydrate": 0, "fat": 0}}, {"model": "backend.product", "pk": 56, "fields": {"name": "Isberg", "image": "", "calories": 14, "protein": 1, "carbohydrate": 3, "fat": 0}}, {"model": "backend.product", "pk": 57, "fields": {"name": "Test product", "image": "", "calories": 11, "protein": 0, "carbohydrate": 0, "fat": 0}}, {"model": "backend.product", "pk": 58, "fields": {"name": "Tests", "image": "", "calories": 11, "protein": 0, "carbohydrate": 0, "fat": 0}}, {"model": "backend.product", "pk": 59, "fields": {"name": "Testme", "image": "", "calories": 117, "protein": 0, "carbohydrate": 0, "fat": 0}}, {"model": "backend.product", "pk": 60, "fields": {"name": "Teriyaki", "image": "", "calories": 179, "protein": 3, "carbohydrate": 40, "fat": 0}}, {"model": "backend.product", "pk": 61, "fields": {"name": "Ketchup", "image": "", "calories": 112, "protein": 1, "carbohydrate": 23, "fat": 0}}, {"model": "backend.product", "pk": 62, "fields": {"name": "Soy sause", "image": "", "calories": 53, "protein": 8, "carbohydrate": 4, "fat": 1}}, {"model": "backend.product", "pk": 63, "fields": {"name": "Chicken", "image": "products/chicken.jpg", "calories": 106, "protein": 23, "carbohydrate": 0, "fat": 2}}, {"model": "backend.product", "pk": 64, "fields": {"name": "Honey", "image": "", "calories": 320, "protein": 0, "carbohydrate": 81, "fat": 0}}, {"model": "backend.product", "pk": 65, "fields": {"name": "Sushi rice", "image": "", "calories": 350, "protein": 7, "carbohydrate": 7, "fat": 1}}, {"model": "backend.product", "pk": 66, "fields": {"name": "Water", "image": "", "calories": 0, "protein": 0, "carbohydrate": 0, "fat": 0}}, {"model": "backend.product", "pk": 67, "fields": {"name": "Rice vinegarr", "image": "", "calories": 211, "protein": 0, "carbohydrate": 53, "fat": 0}}, {"model": "backend.product", "pk": 69, "fields": {"name": "Philadelfia", "image": "", "calories": 147, "protein": 7, "carbohydrate": 5, "fat": 11}}, {"model": "backend.product", "pk": 70, "fields": {"name": "Tuna in oil", "image": "", "calories": 189, "protein": 25, "carbohydrate": 0, "fat": 10}}, {"model": "backend.product", "pk": 71, "fields": {"name": "Wok vegetables", "image": "", "calories": 29, "protein": 1, "carbohydrate": 4, "fat": 0}}, {"model": "backend.product", "pk": 72, "fields": {"name": "Crab sticks", "image": "", "calories": 84, "protein": 9, "carbohydrate": 11, "fat": 1}}, {"model": "backend.product", "pk": 73, "fields": {"name": "Crab paste", "image": "", "calories": 348, "protein": 6, "carbohydrate": 5, "fat": 34}}, {"model": "backend.product", "pk": 74, "fields": {"name": "Shirirachi mayo", "image": "", "calories": 627, "protein": 1, "carbohydrate": 2, "fat": 68}}, {"model": "backend.product", "pk": 88, "fields": {"name": "Pasta", "image": "products/pasta.jpg", "calories": 361, "protein": 11, "carbohydrate": 72, "fat": 2}}, {"model": "backend.product", "pk": 92, "fields": {"name": "Noodles carbonara", "image": "products/chat_mXwJiIH.png", "calories": 178, "protein": 4, "carbohydrate": 25, "fat": 7}}, {"model": "backend.product", "pk": 97, "fields": {"name": "Potato sticks", "image": "food.jpg", "calories": 160, "protein": 3, "carbohydrate": 25, "fat": 5}}, {"model": "backend.product", "pk": 101, "fields": {"name": "Chicken sticks", "image": "products/chicken.jpg", "calories": 270, "protein": 12, "carbohydrate": 14, "fat": 18}}, {"model": "backend.product", "pk": 103, "fields": {"name": "A", "image": "food.jpg", "calories": 0, "protein": 0, "carbohydrate": 0, "fat": 0}}, {"model": "backend.product", "pk": 104, "fields": {"name": "Sausage", "image": "food.jpg", "calories": 280, "protein": 10, "carbohydrate": 6, "fat": 25}}, {"model": "backend.product", "pk": 105, "fields": {"name": "Mozarella buffalo", "image": "food.jpg", "calories": 250, "protein": 14, "carbohydrate": 1, "fat": 14}}, {"model": "backend.product", "pk": 106, "fields": {"name": "Sausage kalkon", "image": "food.jpg", "calories": 190, "protein": 9, "carbohydrate": 10, "fat": 13}}, {"model": "backend.product", "pk": 107, "fields": {"name": "Greek youghurt", "image": "food.jpg", "calories": 68, "protein": 4, "carbohydrate": 5, "fat": 4}}, {"model": "backend.product", "pk": 108, "fields": {"name": "Granola", "image": "food.jpg", "calories": 417, "protein": 11, "carbohydrate": 46, "fat": 16}}, {"model": "backend.product", "pk": 109, "fields": {"name": "Tangarine", "image": "product.jpeg", "calories": 38, "protein": 1, "carbohydrate": 8, "fat": 0}}, {"model": "backend.product", "pk": 110, "fields": {"name": "Smoked salmon", "image": "product.jpeg", "calories": 173, "protein": 20, "carbohydrate": 1, "fat": 10}}, {"model": "backend.product", "pk": 111, "fields": {"name": "Laxfenor smoked", "image": "product.jpeg", "calories": 170, "protein": 20, "carbohydrate": 0, "fat": 9}}, {"model": "backend.product", "pk": 112, "fields": {"name": "Pomelo", "image": "product.jpeg", "calories": 38, "protein": 1, "carbohydrate": 9, "fat": 0}}, {"model": "backend.product", "pk": 118, "fields": {"name": "Kaffe creame", "image": "product.jpeg", "calories": 140, "protein": 3, "carbohydrate": 4, "fat": 12}}, {"model": "backend.product", "pk": 119, "fields": {"name": "Sallad cheese", "image": "product.jpeg", "calories": 206, "protein": 14, "carbohydrate": 1, "fat": 16}}, {"model": "backend.product", "pk": 120, "fields": {"name": "Pasta t", "image": "product.jpeg", "calories": 359, "protein": 13, "carbohydrate": 71, "fat": 2}}, {"model": "backend.product", "pk": 121, "fields": {"name": "Mascarpone", "image": "product.jpeg", "calories": 352, "protein": 4, "carbohydrate": 5, "fat": 25}}, {"model": "backend.product", "pk": 122, "fields": {"name": "Savoiardi", "image": "product.jpeg", "calories": 378, "protein": 9, "carbohydrate": 77, "fat": 4}}, {"model": "backend.product", "pk": 123, "fields": {"name": "Sweetener", "image": "product.jpeg", "calories": 360, "protein": 0, "carbohydrate": 86, "fat": 0}}, {"model": "backend.product", "pk": 124, "fields": {"name": "Kakao", "image": "product.jpeg", "calories": 394, "protein": 24, "carbohydrate": 11, "fat": 22}}, {"model": "backend.product", "pk": 125, "fields": {"name": "Ceaser sause", "image": "product.jpeg", "calories": 249, "protein": 1, "carbohydrate": 3, "fat": 26}}, {"model": "backend.product", "pk": 126, "fields": {"name": "Feta ost", "image": "product.jpeg", "calories": 206, "protein": 14, "carbohydrate": 1, "fat": 16}}, {"model": "backend.product", "pk": 127, "fields": {"name": "Creame 15%", "image": "product.jpeg", "calories": 150, "protein": 3, "carbohydrate": 4, "fat": 13}}, {"model": "backend.product", "pk": 128, "fields": {"name": "Tuna", "image": "product.jpeg", "calories": 106, "protein": 24, "carbohydrate": 0, "fat": 1}}, {"model": "backend.product", "pk": 129, "fields": {"name": "Potato", "image": "product.jpeg", "calories": 82, "protein": 2, "carbohydrate": 17, "fat": 0}}, {"model": "backend.product", "pk": 130, "fields": {"name": "Dried shrimp", "image": "product.jpeg", "calories": 188, "protein": 45, "carbohydrate": 2, "fat": 1}}, {"model": "backend.product", "pk": 131, "fields": {"name": "Surimi", "image": "product.jpeg", "calories": 84, "protein": 9, "carbohydrate": 11, "fat": 1}}, {"model": "backend.product", "pk": 132, "fields": {"name": "Corn", "image": "product.jpeg", "calories": 80, "protein": 3, "carbohydrate": 13, "fat": 2}}, {"model": "backend.product", "pk": 133, "fields": {"name": "Banan", "image": "product.jpeg", "calories": 89, "protein": 1, "carbohydrate": 23, "fat": 0}}, {"model": "backend.product", "pk": 134, "fields": {"name": "Tworog", "image": "product.jpeg", "calories": 118, "protein": 17, "carbohydrate": 4, "fat": 4}}, {"model": "backend.product", "pk": 135, "fields": {"name": "Chesee 12%", "image": "product.jpeg", "calories": 242, "protein": 31, "carbohydrate": 1, "fat": 12}}, {"model": "backend.dish", "pk": 9, "fields": {"type": "own", "name": "sandwich", "image": "", "calories": 318, "calories_100": 276, "protein": 15, "carbohydrate": 19, "fat": 20, "protein_100": 13, "carbohydrate_100": 16, "fat_100": 17, "drink": false, "weight": 115, "product": null, "portion": 1, "portions": 1}}, {"model": "backend.dish", "pk": 10, "fields": {"type": "own", "name": "Carrot", "image": "", "calories": 41, "calories_100": 41, "protein": 1, "carbohydrate": 7, "fat": 0, "protein_100": 1, "carbohydrate_100": 7, "fat_100": 0, "drink": false, "weight": 100, "product": 11, "portion": 1, "portions": 1}}, {"model": "backend.dish", "pk": 12, "fields": {"type": "own", "name": "Gradfill", "image": "", "calories": 140, "calories_100": 140, "protein": 3, "carbohydrate": 3, "fat": 12, "protein_100": 3, "carbohydrate_100": 3, "fat_100": 12, "drink": false, "weight": 100, "product": 12, "portion": 1, "portions": 1}}, {"model": "backend.dish", "pk": 13, "fields": {"type": "own", "name": "Polenta", "image": "", "calories": 360, "calories_100": 360, "protein": 7, "carbohydrate": 76, "fat": 3, "protein_100": 7, "carbohydrate_100": 76, "fat_100": 3, "drink": false, "weight": 100, "product": 13, "portion": 1, "portions": 1}}, {"model": "backend.dish", "pk": 14, "fields": {"type": "own", "name": "Parmejan biraghi", "image": "", "calories": 418, "calories_100": 418, "protein": 37, "carbohydrate": 0, "fat": 30, "protein_100": 37, "carbohydrate_100": 0, "fat_100": 30, "drink": false, "weight": 100, "product": 14, "portion": 1, "portions": 1}}, {"model": "backend.dish", "pk": 15, "fields": {"type": "own", "name": "Creame(gradde)", "image": "", "calories": 340, "calories_100": 340, "protein": 2, "carbohydrate": 3, "fat": 36, "protein_100": 2, "carbohydrate_100": 3, "fat_100": 36, "drink": false, "weight": 100, "product": 15, "portion": 1, "portions": 1}}, {"model": "backend.dish", "pk": 17, "fields": {"type": "own", "name": "banosh", "image": "", "calories": 886, "calories_100": 144, "protein": 31, "carbohydrate": 97, "fat": 43, "protein_100": 5, "carbohydrate_100": 15, "fat_100": 6, "drink": false, "weight": 615, "product": null, "portion": 3, "portions": 1}}, {"model": "backend.dish", "pk": 18, "fields": {"type": "own", "name": "Beef", "image": "", "calories": 250, "calories_100": 250, "protein": 26, "carbohydrate": 0, "fat": 15, "protein_100": 26, "carbohydrate_100": 0, "fat_100": 15, "drink": false, "weight": 100, "product": 16, "portion": 1, "portions": 1}}, {"model": "backend.dish", "pk": 19, "fields": {"type": "own", "name": "Butter", "image": "", "calories": 739, "calories_100": 739, "protein": 1, "carbohydrate": 1, "fat": 82, "protein_100": 1, "carbohydrate_100": 1, "fat_100": 82, "drink": false, "weight": 100, "product": 17, "portion": 1, "portions": 1}}, {"model": "backend.dish", "pk": 20, "fields": {"type": "own", "name": "fried beef", "image": "", "calories": 250, "calories_100": 250, "protein": 26, "carbohydrate": 0, "fat": 15, "protein_100": 26, "carbohydrate_100": 0, "fat_100": 15, "drink": false, "weight": 100, "product": null, "portion": 1, "portions": 1}}, {"model": "backend.dish", "pk": 21, "fields": {"type": "own", "name": "Oboy", "image": "", "calories": 386, "calories_100": 386, "protein": 5, "carbohydrate": 82, "fat": 3, "protein_100": 5, "carbohydrate_100": 82, "fat_100": 3, "drink": false, "weight": 100, "product": 18, "portion": 1, "portions": 1}}, {"model": "backend.dish", "pk": 22, "fields": {"type": "own", "name": "oboy drink", "image": "", "calories": 92, "calories_100": 368, "protein": 1, "carbohydrate": 12, "fat": 4, "protein_100": 4, "carbohydrate_100": 48, "fat_100": 16, "drink": false, "weight": 25, "product": null, "portion": 1, "portions": 1}}, {"model": "backend.dish", "pk": 23, "fields": {"type": "own", "name": "Vinegar", "image": "", "calories": 32, "calories_100": 32, "protein": 0, "carbohydrate": 0, "fat": 0, "protein_100": 0, "carbohydrate_100": 0, "fat_100": 0, "drink": false, "weight": 100, "product": 19, "portion": 1, "portions": 1}}, {"model": "backend.dish", "pk": 24, "fields": {"type": "own", "name": "Oil", "image": "", "calories": 828, "calories_100": 828, "protein": 0, "carbohydrate": 0, "fat": 92, "protein_100": 0, "carbohydrate_100": 0, "fat_100": 92, "drink": false, "weight": 100, "product": 20, "portion": 1, "portions": 1}}, {"model": "backend.dish", "pk": 25, "fields": {"type": "own", "name": "Garlic", "image": "", "calories": 150, "calories_100": 150, "protein": 6, "carbohydrate": 31, "fat": 1, "protein_100": 6, "carbohydrate_100": 31, "fat_100": 1, "drink": false, "weight": 100, "product": 21, "portion": 1, "portions": 1}}, {"model": "backend.dish", "pk": 26, "fields": {"type": "own", "name": "Sugar", "image": "", "calories": 387, "calories_100": 387, "protein": 0, "carbohydrate": 100, "fat": 0, "protein_100": 0, "carbohydrate_100": 100, "fat_100": 0, "drink": false, "weight": 100, "product": 22, "portion": 1, "portions": 1}}, {"model": "backend.dish", "pk": 27, "fields": {"type": "own", "name": "korean carrot", "image": "", "calories": 588, "calories_100": 99, "protein": 6, "carbohydrate": 45, "fat": 37, "protein_100": 1, "carbohydrate_100": 7, "fat_100": 6, "drink": false, "weight": 590, "product": null, "portion": 1, "portions": 1}}, {"model": "backend.dish", "pk": 28, "fields": {"type": "own", "name": "Redd kyckling sopp", "image": "", "calories": 23, "calories_100": 23, "protein": 0, "carbohydrate": 0, "fat": 0, "protein_100": 0, "carbohydrate_100": 0, "fat_100": 0, "drink": false, "weight": 100, "product": 23, "portion": 1, "portions": 1}}, {"model": "backend.dish", "pk": 29, "fields": {"type": "own", "name": "Flour", "image": "", "calories": 334, "calories_100": 334, "protein": 10, "carbohydrate": 70, "fat": 1, "protein_100": 10, "carbohydrate_100": 70, "fat_100": 1, "drink": false, "weight": 100, "product": 24, "portion": 1, "portions": 1}}, {"model": "backend.dish", "pk": 30, "fields": {"type": "own", "name": "Kefir", "image": "", "calories": 50, "calories_100": 50, "protein": 3, "carbohydrate": 4, "fat": 3, "protein_100": 3, "carbohydrate_100": 4, "fat_100": 3, "drink": false, "weight": 100, "product": 25, "portion": 1, "portions": 1}}, {"model": "backend.dish", "pk": 31, "fields": {"type": "own", "name": "Champinion", "image": "", "calories": 27, "calories_100": 27, "protein": 4, "carbohydrate": 0, "fat": 1, "protein_100": 4, "carbohydrate_100": 0, "fat_100": 1, "drink": false, "weight": 100, "product": 26, "portion": 1, "portions": 1}}, {"model": "backend.dish", "pk": 32, "fields": {"type": "own", "name": "Onion", "image": "", "calories": 41, "calories_100": 41, "protein": 5, "carbohydrate": 10, "fat": 0, "protein_100": 5, "carbohydrate_100": 10, "fat_100": 0, "drink": false, "weight": 100, "product": 27, "portion": 1, "portions": 1}}, {"model": "backend.dish", "pk": 33, "fields": {"type": "own", "name": "Olive oil", "image": "", "calories": 800, "calories_100": 800, "protein": 0, "carbohydrate": 13, "fat": 91, "protein_100": 0, "carbohydrate_100": 13, "fat_100": 91, "drink": false, "weight": 100, "product": 28, "portion": 1, "portions": 1}}, {"model": "backend.dish", "pk": 34, "fields": {"type": "own", "name": "vareniki champ", "image": "", "calories": 1119, "calories_100": 122, "protein": 43, "carbohydrate": 195, "fat": 21, "protein_100": 4, "carbohydrate_100": 21, "fat_100": 2, "drink": false, "weight": 910, "product": null, "portion": 1, "portions": 1}}, {"model": "backend.dish", "pk": 35, "fields": {"type": "own", "name": "Mozarella", "image": "", "calories": 301, "calories_100": 301, "protein": 24, "carbohydrate": 3, "fat": 21, "protein_100": 24, "carbohydrate_100": 3, "fat_100": 21, "drink": false, "weight": 100, "product": 29, "portion": 1, "portions": 1}}, {"model": "backend.dish", "pk": 36, "fields": {"type": "own", "name": "vareniki cheese", "image": "", "calories": 1409, "calories_100": 176, "protein": 68, "carbohydrate": 189, "fat": 42, "protein_100": 8, "carbohydrate_100": 23, "fat_100": 5, "drink": false, "weight": 800, "product": null, "portion": 4, "portions": 1}}, {"model": "backend.dish", "pk": 37, "fields": {"type": "own", "name": "Sour blast", "image": "", "calories": 380, "calories_100": 380, "protein": 3, "carbohydrate": 86, "fat": 3, "protein_100": 3, "carbohydrate_100": 86, "fat_100": 3, "drink": false, "weight": 100, "product": 30, "portion": 1, "portions": 1}}, {"model": "backend.dish", "pk": 38, "fields": {"type": "own", "name": "French fries", "image": "", "calories": 155, "calories_100": 155, "protein": 3, "carbohydrate": 27, "fat": 4, "protein_100": 3, "carbohydrate_100": 27, "fat_100": 4, "drink": false, "weight": 100, "product": 31, "portion": 1, "portions": 1}}, {"model": "backend.dish", "pk": 39, "fields": {"type": "own", "name": "Chicken cottlet", "image": "", "calories": 250, "calories_100": 250, "protein": 12, "carbohydrate": 9, "fat": 15, "protein_100": 12, "carbohydrate_100": 9, "fat_100": 15, "drink": false, "weight": 100, "product": 32, "portion": 1, "portions": 1}}, {"model": "backend.dish", "pk": 40, "fields": {"type": "own", "name": "Tartar souse", "image": "", "calories": 370, "calories_100": 370, "protein": 1, "carbohydrate": 7, "fat": 37, "protein_100": 1, "carbohydrate_100": 7, "fat_100": 37, "drink": false, "weight": 100, "product": 33, "portion": 1, "portions": 1}}, {"model": "backend.dish", "pk": 41, "fields": {"type": "own", "name": "Senap", "image": "", "calories": 220, "calories_100": 220, "protein": 4, "carbohydrate": 43, "fat": 3, "protein_100": 4, "carbohydrate_100": 43, "fat_100": 3, "drink": false, "weight": 100, "product": 34, "portion": 1, "portions": 1}}, {"model": "backend.dish", "pk": 42, "fields": {"type": "own", "name": "Greak youghurt", "image": "", "calories": 68, "calories_100": 68, "protein": 4, "carbohydrate": 5, "fat": 4, "protein_100": 4, "carbohydrate_100": 5, "fat_100": 4, "drink": false, "weight": 100, "product": 35, "portion": 1, "portions": 1}}, {"model": "backend.dish", "pk": 43, "fields": {"type": "own", "name": "Musli berries", "image": "", "calories": 354, "calories_100": 354, "protein": 10, "carbohydrate": 63, "fat": 4, "protein_100": 10, "carbohydrate_100": 63, "fat_100": 4, "drink": false, "weight": 100, "product": 36, "portion": 1, "portions": 1}}, {"model": "backend.dish", "pk": 44, "fields": {"type": "own", "name": "Milk", "image": "food.jpg", "calories": 45, "calories_100": 45, "protein": 4, "carbohydrate": 5, "fat": 2, "protein_100": 4, "carbohydrate_100": 5, "fat_100": 2, "drink": false, "weight": 100, "product": 9, "portion": 1, "portions": 1}}, {"model": "backend.dish", "pk": 47, "fields": {"type": "own", "name": "Pizza peperoni", "image": "", "calories": 267, "calories_100": 267, "protein": 11, "carbohydrate": 27, "fat": 12, "protein_100": 11, "carbohydrate_100": 27, "fat_100": 12, "drink": false, "weight": 100, "product": 38, "portion": 1, "portions": 1}}, {"model": "backend.dish", "pk": 48, "fields": {"type": "own", "name": "Tomato", "image": "", "calories": 20, "calories_100": 20, "protein": 1, "carbohydrate": 4, "fat": 0, "protein_100": 1, "carbohydrate_100": 4, "fat_100": 0, "drink": false, "weight": 100, "product": 39, "portion": 1, "portions": 1}}, {"model": "backend.dish", "pk": 49, "fields": {"type": "own", "name": "Egg", "image": "", "calories": 157, "calories_100": 157, "protein": 12, "carbohydrate": 1, "fat": 12, "protein_100": 12, "carbohydrate_100": 1, "fat_100": 12, "drink": false, "weight": 100, "product": 40, "portion": 1, "portions": 1}}, {"model": "backend.dish", "pk": 50, "fields": {"type": "own", "name": "Kalkon", "image": "", "calories": 99, "calories_100": 99, "protein": 21, "carbohydrate": 1, "fat": 1, "protein_100": 21, "carbohydrate_100": 1, "fat_100": 1, "drink": false, "weight": 100, "product": 41, "portion": 1, "portions": 1}}, {"model": "backend.dish", "pk": 51, "fields": {"type": "own", "name": "Tortilia", "image": "", "calories": 299, "calories_100": 299, "protein": 9, "carbohydrate": 53, "fat": 5, "protein_100": 9, "carbohydrate_100": 53, "fat_100": 5, "drink": false, "weight": 100, "product": 42, "portion": 1, "portions": 1}}, {"model": "backend.dish", "pk": 52, "fields": {"type": "own", "name": "Tortilia with egg tomato and kalkon", "image": "", "calories": 372, "calories_100": 146, "protein": 24, "carbohydrate": 27, "fat": 19, "protein_100": 9, "carbohydrate_100": 11, "fat_100": 7, "drink": false, "weight": 255, "product": null, "portion": 255, "portions": 1}}, {"model": "backend.dish", "pk": 53, "fields": {"type": "own", "name": "Coffe syrup salted caramel", "image": "", "calories": 244, "calories_100": 244, "protein": 0, "carbohydrate": 61, "fat": 0, "protein_100": 0, "carbohydrate_100": 61, "fat_100": 0, "drink": false, "weight": 100, "product": 43, "portion": 1, "portions": 1}}, {"model": "backend.dish", "pk": 54, "fields": {"type": "own", "name": "Black chocolate", "image": "", "calories": 505, "calories_100": 505, "protein": 7, "carbohydrate": 49, "fat": 29, "protein_100": 7, "carbohydrate_100": 49, "fat_100": 29, "drink": false, "weight": 100, "product": 44, "portion": 1, "portions": 1}}, {"model": "backend.dish", "pk": 55, "fields": {"type": "own", "name": "Rise", "image": "", "calories": 303, "calories_100": 303, "protein": 8, "carbohydrate": 62, "fat": 3, "protein_100": 8, "carbohydrate_100": 62, "fat_100": 3, "drink": false, "weight": 100, "product": 45, "portion": 1, "portions": 1}}, {"model": "backend.dish", "pk": 56, "fields": {"type": "own", "name": "Corny brownie", "image": "", "calories": 424, "calories_100": 424, "protein": 6, "carbohydrate": 65, "fat": 14, "protein_100": 6, "carbohydrate_100": 65, "fat_100": 14, "drink": false, "weight": 100, "product": 46, "portion": 1, "portions": 1}}, {"model": "backend.dish", "pk": 57, "fields": {"type": "own", "name": "Beef steak", "image": "", "calories": 142, "calories_100": 142, "protein": 22, "carbohydrate": 0, "fat": 6, "protein_100": 22, "carbohydrate_100": 0, "fat_100": 6, "drink": false, "weight": 100, "product": 47, "portion": 1, "portions": 1}}, {"model": "backend.dish", "pk": 58, "fields": {"type": "own", "name": "Sneakers", "image": "", "calories": 536, "calories_100": 536, "protein": 11, "carbohydrate": 53, "fat": 31, "protein_100": 11, "carbohydrate_100": 53, "fat_100": 31, "drink": false, "weight": 100, "product": 48, "portion": 1, "portions": 1}}, {"model": "backend.dish", "pk": 59, "fields": {"type": "own", "name": "Kosichka", "image": "", "calories": 320, "calories_100": 320, "protein": 20, "carbohydrate": 2, "fat": 26, "protein_100": 20, "carbohydrate_100": 2, "fat_100": 26, "drink": false, "weight": 100, "product": 49, "portion": 100, "portions": 1}}, {"model": "backend.dish", "pk": 62, "fields": {"type": "own", "name": "Putasu", "image": "", "calories": 82, "calories_100": 82, "protein": 19, "carbohydrate": 0, "fat": 1, "protein_100": 19, "carbohydrate_100": 0, "fat_100": 1, "drink": false, "weight": 100, "product": 50, "portion": 100, "portions": 1}}, {"model": "backend.dish", "pk": 66, "fields": {"type": "bought", "name": "sneakers creamy", "image": "", "calories": 0, "calories_100": 536, "protein": 0, "carbohydrate": 0, "fat": 0, "protein_100": 11, "carbohydrate_100": 53, "fat_100": 31, "drink": false, "weight": 0, "product": null, "portion": 18, "portions": 1}}, {"model": "backend.dish", "pk": 73, "fields": {"type": "own", "name": "Salsicia", "image": "", "calories": 281, "calories_100": 281, "protein": 16, "carbohydrate": 0, "fat": 24, "protein_100": 16, "carbohydrate_100": 0, "fat_100": 24, "drink": false, "weight": 100, "product": 51, "portion": 100, "portions": 1}}, {"model": "backend.dish", "pk": 74, "fields": {"type": "own", "name": "Makaroni", "image": "", "calories": 361, "calories_100": 361, "protein": 11, "carbohydrate": 72, "fat": 2, "protein_100": 11, "carbohydrate_100": 72, "fat_100": 2, "drink": false, "weight": 100, "product": 52, "portion": 100, "portions": 1}}, {"model": "backend.dish", "pk": 75, "fields": {"type": "own", "name": "Tomato crashed", "image": "", "calories": 20, "calories_100": 20, "protein": 1, "carbohydrate": 4, "fat": 0, "protein_100": 1, "carbohydrate_100": 4, "fat_100": 0, "drink": false, "weight": 100, "product": 53, "portion": 100, "portions": 1}}, {"model": "backend.dish", "pk": 76, "fields": {"type": "own", "name": "salsicia pasta", "image": "", "calories": 2421, "calories_100": 181, "protein": 96, "carbohydrate": 155, "fat": 158, "protein_100": 7, "carbohydrate_100": 11, "fat_100": 11, "drink": false, "weight": 1335, "product": null, "portion": 267, "portions": 5}}, {"model": "backend.dish", "pk": 87, "fields": {"type": "bought", "name": "zupa grzybowa", "image": "", "calories": 0, "calories_100": 24, "protein": 0, "carbohydrate": 0, "fat": 0, "protein_100": 0, "carbohydrate_100": 0, "fat_100": 0, "drink": false, "weight": 0, "product": null, "portion": 0, "portions": 1}}, {"model": "backend.dish", "pk": 88, "fields": {"type": "own", "name": "Tartar sause", "image": "", "calories": 370, "calories_100": 370, "protein": 1, "carbohydrate": 7, "fat": 37, "protein_100": 1, "carbohydrate_100": 7, "fat_100": 37, "drink": false, "weight": 100, "product": 54, "portion": 100, "portions": 1}}, {"model": "backend.dish", "pk": 89, "fields": {"type": "own", "name": "Cucumber", "image": "", "calories": 16, "calories_100": 16, "protein": 0, "carbohydrate": 0, "fat": 0, "protein_100": 0, "carbohydrate_100": 0, "fat_100": 0, "drink": false, "weight": 100, "product": 55, "portion": 100, "portions": 1}}, {"model": "backend.dish", "pk": 90, "fields": {"type": "own", "name": "Isberg", "image": "", "calories": 14, "calories_100": 14, "protein": 1, "carbohydrate": 3, "fat": 0, "protein_100": 1, "carbohydrate_100": 3, "fat_100": 0, "drink": false, "weight": 100, "product": 56, "portion": 100, "portions": 1}}, {"model": "backend.dish", "pk": 91, "fields": {"type": "own", "name": "Tortilia with veg and kalkon", "image": "", "calories": 262, "calories_100": 128, "protein": 17, "carbohydrate": 30, "fat": 7, "protein_100": 8, "carbohydrate_100": 15, "fat_100": 3, "drink": false, "weight": 204, "product": null, "portion": 204, "portions": 1}}, {"model": "backend.dish", "pk": 92, "fields": {"type": "own", "name": "bread", "image": "", "calories": 105, "calories_100": 262, "protein": 4, "carbohydrate": 18, "fat": 2, "protein_100": 10, "carbohydrate_100": 45, "fat_100": 5, "drink": false, "weight": 40, "product": null, "portion": 40, "portions": 1}}, {"model": "backend.dish", "pk": 93, "fields": {"type": "own", "name": "Test product", "image": "", "calories": 11, "calories_100": 11, "protein": 0, "carbohydrate": 0, "fat": 0, "protein_100": 0, "carbohydrate_100": 0, "fat_100": 0, "drink": false, "weight": 100, "product": 57, "portion": 100, "portions": 1}}, {"model": "backend.dish", "pk": 95, "fields": {"type": "own", "name": "Tests", "image": "", "calories": 11, "calories_100": 11, "protein": 0, "carbohydrate": 0, "fat": 0, "protein_100": 0, "carbohydrate_100": 0, "fat_100": 0, "drink": false, "weight": 100, "product": 58, "portion": 100, "portions": 1}}, {"model": "backend.dish", "pk": 97, "fields": {"type": "own", "name": "Testme", "image": "", "calories": 117, "calories_100": 117, "protein": 0, "carbohydrate": 0, "fat": 0, "protein_100": 0, "carbohydrate_100": 0, "fat_100": 0, "drink": false, "weight": 100, "product": 59, "portion": 100, "portions": 1}}, {"model": "backend.dish", "pk": 99, "fields": {"type": "own", "name": "Teriyaki", "image": "", "calories": 179, "calories_100": 179, "protein": 3, "carbohydrate": 40, "fat": 0, "protein_100": 3, "carbohydrate_100": 40, "fat_100": 0, "drink": false, "weight": 100, "product": 60, "portion": 100, "portions": 1}}, {"model": "backend.dish", "pk": 100, "fields": {"type": "own", "name": "Ketchup", "image": "", "calories": 112, "calories_100": 112, "protein": 1, "carbohydrate": 23, "fat": 0, "protein_100": 1, "carbohydrate_100": 23, "fat_100": 0, "drink": false, "weight": 100, "product": 61, "portion": 100, "portions": 1}}, {"model": "backend.dish", "pk": 101, "fields": {"type": "own", "name": "Soy sause", "image": "", "calories": 53, "calories_100": 53, "protein": 8, "carbohydrate": 4, "fat": 1, "protein_100": 8, "carbohydrate_100": 4, "fat_100": 1, "drink": false, "weight": 100, "product": 62, "portion": 100, "portions": 1}}, {"model": "backend.dish", "pk": 102, "fields": {"type": "own", "name": "Chicken", "image": "products/chicken.jpg", "calories": 106, "calories_100": 106, "protein": 23, "carbohydrate": 0, "fat": 2, "protein_100": 23, "carbohydrate_100": 0, "fat_100": 2, "drink": false, "weight": 100, "product": 63, "portion": 100, "portions": 1}}, {"model": "backend.dish", "pk": 103, "fields": {"type": "own", "name": "Honey", "image": "", "calories": 320, "calories_100": 320, "protein": 0, "carbohydrate": 81, "fat": 0, "protein_100": 0, "carbohydrate_100": 81, "fat_100": 0, "drink": false, "weight": 100, "product": 64, "portion": 100, "portions": 1}}, {"model": "backend.dish", "pk": 104, "fields": {"type": "own", "name": "chiken asian", "image": "", "calories": 612, "calories_100": 112, "protein": 100, "carbohydrate": 36, "fat": 9, "protein_100": 18, "carbohydrate_100": 6, "fat_100": 1, "drink": false, "weight": 542, "product": null, "portion": 136, "portions": 4}}, {"model": "backend.dish", "pk": 105, "fields": {"type": "own", "name": "Sushi rice", "image": "", "calories": 350, "calories_100": 350, "protein": 7, "carbohydrate": 7, "fat": 1, "protein_100": 7, "carbohydrate_100": 7, "fat_100": 1, "drink": false, "weight": 100, "product": 65, "portion": 100, "portions": 1}}, {"model": "backend.dish", "pk": 106, "fields": {"type": "own", "name": "Water", "image": "", "calories": 0, "calories_100": 0, "protein": 0, "carbohydrate": 0, "fat": 0, "protein_100": 0, "carbohydrate_100": 0, "fat_100": 0, "drink": false, "weight": 100, "product": 66, "portion": 100, "portions": 1}}, {"model": "backend.dish", "pk": 107, "fields": {"type": "own", "name": "Rice vinegarr", "image": "", "calories": 211, "calories_100": 211, "protein": 0, "carbohydrate": 53, "fat": 0, "protein_100": 0, "carbohydrate_100": 53, "fat_100": 0, "drink": false, "weight": 100, "product": 67, "portion": 100, "portions": 1}}, {"model": "backend.dish", "pk": 108, "fields": {"type": "own", "name": "Cooked rice", "image": "", "calories": 981, "calories_100": 163, "protein": 18, "carbohydrate": 45, "fat": 3, "protein_100": 3, "carbohydrate_100": 7, "fat_100": 0, "drink": false, "weight": 600, "product": null, "portion": 150, "portions": 4}}, {"model": "backend.dish", "pk": 114, "fields": {"type": "bought", "name": "Sunflower", "image": "", "calories": 0, "calories_100": 661, "protein": 0, "carbohydrate": 0, "fat": 0, "protein_100": 25, "carbohydrate_100": 5, "fat_100": 25, "drink": false, "weight": 0, "product": null, "portion": 25, "portions": 1}}, {"model": "backend.dish", "pk": 115, "fields": {"type": "bought", "name": "Choco pudding", "image": "", "calories": 0, "calories_100": 77, "protein": 0, "carbohydrate": 0, "fat": 0, "protein_100": 10, "carbohydrate_100": 7, "fat_100": 2, "drink": false, "weight": 0, "product": null, "portion": 200, "portions": 1}}, {"model": "backend.dish", "pk": 116, "fields": {"type": "bought", "name": "Pelmeni", "image": "", "calories": 0, "calories_100": 220, "protein": 0, "carbohydrate": 0, "fat": 0, "protein_100": 11, "carbohydrate_100": 24, "fat_100": 9, "drink": false, "weight": 0, "product": null, "portion": 200, "portions": 1}}, {"model": "backend.dish", "pk": 117, "fields": {"type": "bought", "name": "Bubble tea", "image": "", "calories": 0, "calories_100": 100, "protein": 0, "carbohydrate": 0, "fat": 0, "protein_100": 0, "carbohydrate_100": 50, "fat_100": 0, "drink": false, "weight": 0, "product": null, "portion": 500, "portions": 1}}, {"model": "backend.dish", "pk": 119, "fields": {"type": "own", "name": "Philadelfia", "image": "", "calories": 147, "calories_100": 147, "protein": 7, "carbohydrate": 5, "fat": 11, "protein_100": 7, "carbohydrate_100": 5, "fat_100": 11, "drink": false, "weight": 100, "product": 69, "portion": 100, "portions": 1}}, {"model": "backend.dish", "pk": 120, "fields": {"type": "own", "name": "Tuna in oil", "image": "", "calories": 189, "calories_100": 189, "protein": 25, "carbohydrate": 0, "fat": 10, "protein_100": 25, "carbohydrate_100": 0, "fat_100": 10, "drink": false, "weight": 100, "product": 70, "portion": 100, "portions": 1}}, {"model": "backend.dish", "pk": 121, "fields": {"type": "own", "name": "Wok vegetables", "image": "", "calories": 29, "calories_100": 29, "protein": 1, "carbohydrate": 4, "fat": 0, "protein_100": 1, "carbohydrate_100": 4, "fat_100": 0, "drink": false, "weight": 100, "product": 71, "portion": 100, "portions": 1}}, {"model": "backend.dish", "pk": 122, "fields": {"type": "own", "name": "Crab sticks", "image": "", "calories": 84, "calories_100": 84, "protein": 9, "carbohydrate": 11, "fat": 1, "protein_100": 9, "carbohydrate_100": 11, "fat_100": 1, "drink": false, "weight": 100, "product": 72, "portion": 100, "portions": 1}}, {"model": "backend.dish", "pk": 123, "fields": {"type": "own", "name": "Crab paste", "image": "", "calories": 348, "calories_100": 348, "protein": 6, "carbohydrate": 5, "fat": 34, "protein_100": 6, "carbohydrate_100": 5, "fat_100": 34, "drink": false, "weight": 100, "product": 73, "portion": 100, "portions": 1}}, {"model": "backend.dish", "pk": 124, "fields": {"type": "own", "name": "Onigiri with tuna", "image": "", "calories": 957, "calories_100": 166, "protein": 45, "carbohydrate": 33, "fat": 25, "protein_100": 7, "carbohydrate_100": 5, "fat_100": 4, "drink": false, "weight": 574, "product": null, "portion": 191, "portions": 3}}, {"model": "backend.dish", "pk": 125, "fields": {"type": "own", "name": "Shirirachi mayo", "image": "", "calories": 627, "calories_100": 627, "protein": 1, "carbohydrate": 2, "fat": 68, "protein_100": 1, "carbohydrate_100": 2, "fat_100": 68, "drink": false, "weight": 100, "product": 74, "portion": 100, "portions": 1}}, {"model": "backend.dish", "pk": 126, "fields": {"type": "own", "name": "Onigiri with crab sticks", "image": "", "calories": 700, "calories_100": 171, "protein": 22, "carbohydrate": 22, "fat": 28, "protein_100": 5, "carbohydrate_100": 5, "fat_100": 6, "drink": false, "weight": 409, "product": null, "portion": 205, "portions": 2}}, {"model": "backend.dish", "pk": 132, "fields": {"type": "own", "name": "Pasta", "image": "products/pasta_RDmyuJX.jpg", "calories": 361, "calories_100": 361, "protein": 11, "carbohydrate": 72, "fat": 2, "protein_100": 11, "carbohydrate_100": 72, "fat_100": 2, "drink": false, "weight": 100, "product": 88, "portion": 100, "portions": 1}}, {"model": "backend.dish", "pk": 133, "fields": {"type": "bought", "name": "Monblant", "image": "food.jpg", "calories": 0, "calories_100": 580, "protein": 0, "carbohydrate": 0, "fat": 0, "protein_100": 8, "carbohydrate_100": 45, "fat_100": 41, "drink": false, "weight": 0, "product": null, "portion": 15, "portions": 1}}, {"model": "backend.dish", "pk": 139, "fields": {"type": "own", "name": "Soup", "image": "food.jpg", "calories": 1283, "calories_100": 41, "protein": 101, "carbohydrate": 77, "fat": 56, "protein_100": 3, "carbohydrate_100": 2, "fat_100": 1, "drink": false, "weight": 3058, "product": null, "portion": 306, "portions": 10}}, {"model": "backend.dish", "pk": 164, "fields": {"type": "own", "name": "Noodles carbonara", "image": "", "calories": 178, "calories_100": 178, "protein": 4, "carbohydrate": 25, "fat": 7, "protein_100": 4, "carbohydrate_100": 25, "fat_100": 7, "drink": false, "weight": 100, "product": 92, "portion": 100, "portions": 1}}, {"model": "backend.dish", "pk": 166, "fields": {"type": "own", "name": "Omlete oven", "image": "dishes/pasta_wYEfZUc.jpg", "calories": 217, "calories_100": 99, "protein": 18, "carbohydrate": 7, "fat": 15, "protein_100": 8, "carbohydrate_100": 3, "fat_100": 7, "drink": false, "weight": 220, "product": null, "portion": 110, "portions": 2}}, {"model": "backend.dish", "pk": 172, "fields": {"type": "own", "name": "Potato sticks", "image": "food.jpg", "calories": 160, "calories_100": 160, "protein": 3, "carbohydrate": 25, "fat": 5, "protein_100": 3, "carbohydrate_100": 25, "fat_100": 5, "drink": false, "weight": 100, "product": 97, "portion": 100, "portions": 1}}, {"model": "backend.dish", "pk": 176, "fields": {"type": "own", "name": "Chicken sticks", "image": "", "calories": 270, "calories_100": 270, "protein": 12, "carbohydrate": 14, "fat": 18, "protein_100": 12, "carbohydrate_100": 14, "fat_100": 18, "drink": false, "weight": 100, "product": 101, "portion": 100, "portions": 1}}, {"model": "backend.dish", "pk": 178, "fields": {"type": "own", "name": "A", "image": "", "calories": 0, "calories_100": 0, "protein": 0, "carbohydrate": 0, "fat": 0, "protein_100": 0, "carbohydrate_100": 0, "fat_100": 0, "drink": false, "weight": 100, "product": 103, "portion": 100, "portions": 1}}, {"model": "backend.dish", "pk": 179, "fields": {"type": "own", "name": "Sausage", "image": "food.jpg", "calories": 280, "calories_100": 280, "protein": 10, "carbohydrate": 6, "fat": 25, "protein_100": 10, "carbohydrate_100": 6, "fat_100": 25, "drink": false, "weight": 100, "product": 104, "portion": 100, "portions": 1}}, {"model": "backend.dish", "pk": 186, "fields": {"type": "bought", "name": "Puff", "image": "food.jpg", "calories": 0, "calories_100": 400, "protein": 0, "carbohydrate": 0, "fat": 0, "protein_100": 1, "carbohydrate_100": 73, "fat_100": 10, "drink": false, "weight": 0, "product": null, "portion": 15, "portions": 1}}, {"model": "backend.dish", "pk": 187, "fields": {"type": "bought", "name": "Pizza", "image": "food.jpg", "calories": 0, "calories_100": 264, "protein": 0, "carbohydrate": 0, "fat": 0, "protein_100": 12, "carbohydrate_100": 28, "fat_100": 11, "drink": false, "weight": 0, "product": null, "portion": 90, "portions": 1}}, {"model": "backend.dish", "pk": 188, "fields": {"type": "own", "name": "Mozarella buffalo", "image": "food.jpg", "calories": 250, "calories_100": 250, "protein": 14, "carbohydrate": 1, "fat": 14, "protein_100": 14, "carbohydrate_100": 1, "fat_100": 14, "drink": false, "weight": 100, "product": 105, "portion": 100, "portions": 1}}, {"model": "backend.dish", "pk": 189, "fields": {"type": "bought", "name": "Pizza 4 cheese", "image": "food.jpg", "calories": 0, "calories_100": 255, "protein": 0, "carbohydrate": 0, "fat": 0, "protein_100": 12, "carbohydrate_100": 27, "fat_100": 10, "drink": false, "weight": 0, "product": null, "portion": 91, "portions": 1}}, {"model": "backend.dish", "pk": 191, "fields": {"type": "own", "name": "Sausage kalkon", "image": "food.jpg", "calories": 190, "calories_100": 190, "protein": 9, "carbohydrate": 10, "fat": 13, "protein_100": 9, "carbohydrate_100": 10, "fat_100": 13, "drink": false, "weight": 100, "product": 106, "portion": 100, "portions": 1}}, {"model": "backend.dish", "pk": 192, "fields": {"type": "own", "name": "Sausage in dought", "image": "food.jpg", "calories": 3006, "calories_100": 266, "protein": 112, "carbohydrate": 348, "fat": 130, "protein_100": 10, "carbohydrate_100": 31, "fat_100": 12, "drink": false, "weight": 1130, "product": null, "portion": 75, "portions": 15}}, {"model": "backend.dish", "pk": 193, "fields": {"type": "bought", "name": "Pistachio latte", "image": "food.jpg", "calories": 0, "calories_100": 320, "protein": 0, "carbohydrate": 0, "fat": 0, "protein_100": 12, "carbohydrate_100": 48, "fat_100": 9, "drink": false, "weight": 0, "product": null, "portion": 100, "portions": 1}}, {"model": "backend.dish", "pk": 194, "fields": {"type": "bought", "name": "Pistachio muffin", "image": "food.jpg", "calories": 0, "calories_100": 370, "protein": 0, "carbohydrate": 0, "fat": 0, "protein_100": 5, "carbohydrate_100": 47, "fat_100": 18, "drink": false, "weight": 0, "product": null, "portion": 100, "portions": 1}}, {"model": "backend.dish", "pk": 195, "fields": {"type": "own", "name": "Greek youghurt", "image": "food.jpg", "calories": 68, "calories_100": 68, "protein": 4, "carbohydrate": 5, "fat": 4, "protein_100": 4, "carbohydrate_100": 5, "fat_100": 4, "drink": false, "weight": 100, "product": 107, "portion": 100, "portions": 1}}, {"model": "backend.dish", "pk": 196, "fields": {"type": "own", "name": "Granola", "image": "food.jpg", "calories": 417, "calories_100": 417, "protein": 11, "carbohydrate": 46, "fat": 16, "protein_100": 11, "carbohydrate_100": 46, "fat_100": 16, "drink": false, "weight": 100, "product": 108, "portion": 100, "portions": 1}}, {"model": "backend.dish", "pk": 199, "fields": {"type": "custom", "name": "Tangarine", "image": "product.jpeg", "calories": 38, "calories_100": 38, "protein": 1, "carbohydrate": 8, "fat": 0, "protein_100": 1, "carbohydrate_100": 8, "fat_100": 0, "drink": false, "weight": 100, "product": 109, "portion": 100, "portions": 1}}, {"model": "backend.dish", "pk": 200, "fields": {"type": "pre_made", "name": "Banan cake pressbyran", "image": "dish.jpeg", "calories": 0, "calories_100": 323, "protein": 0, "carbohydrate": 0, "fat": 0, "protein_100": 0, "carbohydrate_100": 0, "fat_100": 0, "drink": false, "weight": 0, "product": null, "portion": 1, "portions": 1}}, {"model": "backend.dish", "pk": 201, "fields": {"type": "pre_made", "name": "Banana pudding", "image": "dish.jpeg", "calories": 0, "calories_100": 83, "protein": 0, "carbohydrate": 0, "fat": 0, "protein_100": 10, "carbohydrate_100": 6, "fat_100": 2, "drink": false, "weight": 0, "product": null, "portion": 200, "portions": 1}}, {"model": "backend.dish", "pk": 202, "fields": {"type": "custom", "name": "Smoked salmon", "image": "product.jpeg", "calories": 173, "calories_100": 173, "protein": 20, "carbohydrate": 1, "fat": 10, "protein_100": 20, "carbohydrate_100": 1, "fat_100": 10, "drink": false, "weight": 100, "product": 110, "portion": 100, "portions": 1}}, {"model": "backend.dish", "pk": 203, "fields": {"type": "custom", "name": "Laxfenor smoked", "image": "dish.jpeg", "calories": 170, "calories_100": 170, "protein": 20, "carbohydrate": 0, "fat": 9, "protein_100": 20, "carbohydrate_100": 0, "fat_100": 9, "drink": false, "weight": 100, "product": 111, "portion": 100, "portions": 1}}, {"model": "backend.dish", "pk": 206, "fields": {"type": "custom", "name": "Tortilia with chichen", "image": "dish.jpeg", "calories": 624, "calories_100": 165, "protein": 37, "carbohydrate": 61, "fat": 24, "protein_100": 10, "carbohydrate_100": 16, "fat_100": 6, "drink": false, "weight": 379, "product": null, "portion": 379, "portions": 1}}, {"model": "backend.dish", "pk": 208, "fields": {"type": "custom", "name": "Pomelo", "image": "dish.jpeg", "calories": 38, "calories_100": 38, "protein": 1, "carbohydrate": 9, "fat": 0, "protein_100": 1, "carbohydrate_100": 9, "fat_100": 0, "drink": false, "weight": 100, "product": 112, "portion": 100, "portions": 1}}, {"model": "backend.dish", "pk": 214, "fields": {"type": "custom", "name": "Baked potato", "image": "dish.jpeg", "calories": 216, "calories_100": 108, "protein": 4, "carbohydrate": 33, "fat": 6, "protein_100": 2, "carbohydrate_100": 16, "fat_100": 3, "drink": false, "weight": 200, "product": null, "portion": 200, "portions": 1}}, {"model": "backend.dish", "pk": 215, "fields": {"type": "pre_made", "name": "Milk slice", "image": "dish.jpeg", "calories": 0, "calories_100": 421, "protein": 0, "carbohydrate": 0, "fat": 0, "protein_100": 8, "carbohydrate_100": 30, "fat_100": 16, "drink": false, "weight": 0, "product": null, "portion": 28, "portions": 1}}, {"model": "backend.dish", "pk": 216, "fields": {"type": "custom", "name": "Kaffe creame", "image": "product.jpeg", "calories": 140, "calories_100": 140, "protein": 3, "carbohydrate": 4, "fat": 12, "protein_100": 3, "carbohydrate_100": 4, "fat_100": 12, "drink": false, "weight": 100, "product": 118, "portion": 100, "portions": 1}}, {"model": "backend.dish", "pk": 217, "fields": {"type": "custom", "name": "Sallad cheese", "image": "product.jpeg", "calories": 206, "calories_100": 206, "protein": 14, "carbohydrate": 1, "fat": 16, "protein_100": 14, "carbohydrate_100": 1, "fat_100": 16, "drink": false, "weight": 100, "product": 119, "portion": 100, "portions": 1}}, {"model": "backend.dish", "pk": 218, "fields": {"type": "pre_made", "name": "Chebureki", "image": "dish.jpeg", "calories": 0, "calories_100": 270, "protein": 0, "carbohydrate": 0, "fat": 0, "protein_100": 17, "carbohydrate_100": 34, "fat_100": 7, "drink": false, "weight": 0, "product": null, "portion": 150, "portions": 1}}, {"model": "backend.dish", "pk": 219, "fields": {"type": "custom", "name": "Fin crisp", "image": "dish.jpeg", "calories": 0, "calories_100": 397, "protein": 0, "carbohydrate": 0, "fat": 0, "protein_100": 10, "carbohydrate_100": 51, "fat_100": 13, "drink": false, "weight": 0, "product": null, "portion": 30, "portions": 1}}, {"model": "backend.dish", "pk": 220, "fields": {"type": "pre_made", "name": "Boba", "image": "dish.jpeg", "calories": 0, "calories_100": 223, "protein": 0, "carbohydrate": 0, "fat": 0, "protein_100": 0, "carbohydrate_100": 55, "fat_100": 0, "drink": false, "weight": 0, "product": null, "portion": 60, "portions": 1}}, {"model": "backend.dish", "pk": 221, "fields": {"type": "pre_made", "name": "Boloniese sause", "image": "dish.jpeg", "calories": 0, "calories_100": 173, "protein": 0, "carbohydrate": 0, "fat": 0, "protein_100": 9, "carbohydrate_100": 7, "fat_100": 12, "drink": false, "weight": 0, "product": null, "portion": 100, "portions": 1}}, {"model": "backend.dish", "pk": 222, "fields": {"type": "custom", "name": "Pasta t", "image": "dish.jpeg", "calories": 359, "calories_100": 359, "protein": 13, "carbohydrate": 71, "fat": 2, "protein_100": 13, "carbohydrate_100": 71, "fat_100": 2, "drink": false, "weight": 100, "product": 120, "portion": 100, "portions": 1}}, {"model": "backend.dish", "pk": 223, "fields": {"type": "pre_made", "name": "Salted caramel", "image": "dish.jpeg", "calories": 0, "calories_100": 78, "protein": 0, "carbohydrate": 0, "fat": 0, "protein_100": 10, "carbohydrate_100": 6, "fat_100": 2, "drink": false, "weight": 0, "product": null, "portion": 200, "portions": 1}}, {"model": "backend.dish", "pk": 224, "fields": {"type": "pre_made", "name": "Choco with nut", "image": "dish.jpeg", "calories": 0, "calories_100": 572, "protein": 0, "carbohydrate": 0, "fat": 0, "protein_100": 7, "carbohydrate_100": 47, "fat_100": 38, "drink": false, "weight": 0, "product": null, "portion": 16, "portions": 1}}, {"model": "backend.dish", "pk": 225, "fields": {"type": "custom", "name": "Tiramisu", "image": "dish.jpeg", "calories": 1959, "calories_100": 225, "protein": 51, "carbohydrate": 180, "fat": 90, "protein_100": 6, "carbohydrate_100": 21, "fat_100": 10, "drink": false, "weight": 872, "product": null, "portion": 109, "portions": 8}}, {"model": "backend.dish", "pk": 226, "fields": {"type": "custom", "name": "Mascarpone", "image": "product.jpeg", "calories": 352, "calories_100": 352, "protein": 4, "carbohydrate": 5, "fat": 25, "protein_100": 4, "carbohydrate_100": 5, "fat_100": 25, "drink": false, "weight": 100, "product": 121, "portion": 100, "portions": 1}}, {"model": "backend.dish", "pk": 227, "fields": {"type": "custom", "name": "Savoiardi", "image": "product.jpeg", "calories": 378, "calories_100": 378, "protein": 9, "carbohydrate": 77, "fat": 4, "protein_100": 9, "carbohydrate_100": 77, "fat_100": 4, "drink": false, "weight": 100, "product": 122, "portion": 100, "portions": 1}}, {"model": "backend.dish", "pk": 228, "fields": {"type": "custom", "name": "Sweetener", "image": "product.jpeg", "calories": 360, "calories_100": 360, "protein": 0, "carbohydrate": 86, "fat": 0, "protein_100": 0, "carbohydrate_100": 86, "fat_100": 0, "drink": false, "weight": 100, "product": 123, "portion": 100, "portions": 1}}, {"model": "backend.dish", "pk": 229, "fields": {"type": "custom", "name": "Kakao", "image": "product.jpeg", "calories": 394, "calories_100": 394, "protein": 24, "carbohydrate": 11, "fat": 22, "protein_100": 24, "carbohydrate_100": 11, "fat_100": 22, "drink": false, "weight": 100, "product": 124, "portion": 100, "portions": 1}}, {"model": "backend.dish", "pk": 230, "fields": {"type": "custom", "name": "Shauerma", "image": "dish.jpeg", "calories": 446, "calories_100": 205, "protein": 33, "carbohydrate": 55, "fat": 10, "protein_100": 15, "carbohydrate_100": 25, "fat_100": 5, "drink": false, "weight": 218, "product": null, "portion": 218, "portions": 1}}, {"model": "backend.dish", "pk": 231, "fields": {"type": "custom", "name": "Ceaser sause", "image": "product.jpeg", "calories": 249, "calories_100": 249, "protein": 1, "carbohydrate": 3, "fat": 26, "protein_100": 1, "carbohydrate_100": 3, "fat_100": 26, "drink": false, "weight": 100, "product": 125, "portion": 100, "portions": 1}}, {"model": "backend.dish", "pk": 232, "fields": {"type": "custom", "name": "Feta ost", "image": "product.jpeg", "calories": 206, "calories_100": 206, "protein": 14, "carbohydrate": 1, "fat": 16, "protein_100": 14, "carbohydrate_100": 1, "fat_100": 16, "drink": false, "weight": 100, "product": 126, "portion": 100, "portions": 1}}, {"model": "backend.dish", "pk": 233, "fields": {"type": "custom", "name": "Greek youghurt with granola", "image": "dish.jpeg", "calories": 237, "calories_100": 158, "protein": 9, "carbohydrate": 24, "fat": 10, "protein_100": 6, "carbohydrate_100": 16, "fat_100": 6, "drink": false, "weight": 150, "product": null, "portion": 150, "portions": 1}}, {"model": "backend.dish", "pk": 234, "fields": {"type": "custom", "name": "Creame 15%", "image": "product.jpeg", "calories": 150, "calories_100": 150, "protein": 3, "carbohydrate": 4, "fat": 13, "protein_100": 3, "carbohydrate_100": 4, "fat_100": 13, "drink": false, "weight": 100, "product": 127, "portion": 100, "portions": 1}}, {"model": "backend.dish", "pk": 235, "fields": {"type": "custom", "name": "Tuna", "image": "product.jpeg", "calories": 106, "calories_100": 106, "protein": 24, "carbohydrate": 0, "fat": 1, "protein_100": 24, "carbohydrate_100": 0, "fat_100": 1, "drink": false, "weight": 100, "product": 128, "portion": 100, "portions": 1}}, {"model": "backend.dish", "pk": 236, "fields": {"type": "custom", "name": "Potato", "image": "product.jpeg", "calories": 82, "calories_100": 82, "protein": 2, "carbohydrate": 17, "fat": 0, "protein_100": 2, "carbohydrate_100": 17, "fat_100": 0, "drink": false, "weight": 100, "product": 129, "portion": 100, "portions": 1}}, {"model": "backend.dish", "pk": 237, "fields": {"type": "custom", "name": "Champinions with phila and kalkon", "image": "dish.jpeg", "calories": 266, "calories_100": 78, "protein": 23, "carbohydrate": 9, "fat": 15, "protein_100": 6, "carbohydrate_100": 2, "fat_100": 4, "drink": false, "weight": 338, "product": null, "portion": 169, "portions": 2}}, {"model": "backend.dish", "pk": 238, "fields": {"type": "pre_made", "name": "Profeel chocholate", "image": "dish.jpeg", "calories": 0, "calories_100": 85, "protein": 0, "carbohydrate": 0, "fat": 0, "protein_100": 11, "carbohydrate_100": 6, "fat_100": 2, "drink": false, "weight": 0, "product": null, "portion": 180, "portions": 1}}, {"model": "backend.dish", "pk": 239, "fields": {"type": "pre_made", "name": "Knoppers", "image": "dish.jpeg", "calories": 0, "calories_100": 518, "protein": 0, "carbohydrate": 0, "fat": 0, "protein_100": 7, "carbohydrate_100": 54, "fat_100": 30, "drink": false, "weight": 0, "product": null, "portion": 40, "portions": 1}}, {"model": "backend.dish", "pk": 240, "fields": {"type": "pre_made", "name": "Hippo", "image": "dish.jpeg", "calories": 0, "calories_100": 593, "protein": 0, "carbohydrate": 0, "fat": 0, "protein_100": 7, "carbohydrate_100": 54, "fat_100": 39, "drink": false, "weight": 0, "product": null, "portion": 21, "portions": 1}}, {"model": "backend.dish", "pk": 241, "fields": {"type": "pre_made", "name": "Sea shell chocholate", "image": "dish.jpeg", "calories": 0, "calories_100": 540, "protein": 0, "carbohydrate": 0, "fat": 0, "protein_100": 7, "carbohydrate_100": 63, "fat_100": 33, "drink": false, "weight": 0, "product": null, "portion": 13, "portions": 1}}, {"model": "backend.dish", "pk": 242, "fields": {"type": "custom", "name": "Dried shrimp", "image": "product.jpeg", "calories": 188, "calories_100": 188, "protein": 45, "carbohydrate": 2, "fat": 1, "protein_100": 45, "carbohydrate_100": 2, "fat_100": 1, "drink": false, "weight": 100, "product": 130, "portion": 100, "portions": 1}}, {"model": "backend.dish", "pk": 243, "fields": {"type": "custom", "name": "Surimi", "image": "product.jpeg", "calories": 84, "calories_100": 84, "protein": 9, "carbohydrate": 11, "fat": 1, "protein_100": 9, "carbohydrate_100": 11, "fat_100": 1, "drink": false, "weight": 100, "product": 131, "portion": 100, "portions": 1}}, {"model": "backend.dish", "pk": 244, "fields": {"type": "custom", "name": "Potato with gribi", "image": "dish.jpeg", "calories": 932, "calories_100": 84, "protein": 25, "carbohydrate": 179, "fat": 8, "protein_100": 2, "carbohydrate_100": 16, "fat_100": 0, "drink": false, "weight": 1099, "product": null, "portion": 272, "portions": 6}}, {"model": "backend.dish", "pk": 245, "fields": {"type": "custom", "name": "My sallad", "image": "dish.jpeg", "calories": 868, "calories_100": 77, "protein": 50, "carbohydrate": 75, "fat": 42, "protein_100": 4, "carbohydrate_100": 7, "fat_100": 4, "drink": false, "weight": 1126, "product": null, "portion": 375, "portions": 3}}, {"model": "backend.dish", "pk": 246, "fields": {"type": "custom", "name": "Corn", "image": "product.jpeg", "calories": 80, "calories_100": 80, "protein": 3, "carbohydrate": 13, "fat": 2, "protein_100": 3, "carbohydrate_100": 13, "fat_100": 2, "drink": false, "weight": 100, "product": 132, "portion": 100, "portions": 1}}, {"model": "backend.dish", "pk": 247, "fields": {"type": "pre_made", "name": "Chips", "image": "dish.jpeg", "calories": 0, "calories_100": 530, "protein": 0, "carbohydrate": 0, "fat": 0, "protein_100": 7, "carbohydrate_100": 47, "fat_100": 33, "drink": false, "weight": 0, "product": null, "portion": 30, "portions": 1}}, {"model": "backend.dish", "pk": 248, "fields": {"type": "custom", "name": "Banan", "image": "product.jpeg", "calories": 89, "calories_100": 89, "protein": 1, "carbohydrate": 23, "fat": 0, "protein_100": 1, "carbohydrate_100": 23, "fat_100": 0, "drink": false, "weight": 100, "product": 133, "portion": 100, "portions": 1}}, {"model": "backend.dish", "pk": 249, "fields": {"type": "pre_made", "name": "Milk chokolate", "image": "dish.jpeg", "calories": 0, "calories_100": 544, "protein": 0, "carbohydrate": 0, "fat": 0, "protein_100": 4, "carbohydrate_100": 59, "fat_100": 32, "drink": false, "weight": 0, "product": null, "portion": 29, "portions": 1}}, {"model": "backend.dish", "pk": 250, "fields": {"type": "custom", "name": "Tworog", "image": "product.jpeg", "calories": 118, "calories_100": 118, "protein": 17, "carbohydrate": 4, "fat": 4, "protein_100": 17, "carbohydrate_100": 4, "fat_100": 4, "drink": false, "weight": 100, "product": 134, "portion": 100, "portions": 1}}, {"model": "backend.dish", "pk": 251, "fields": {"type": "custom", "name": "Chesee 12%", "image": "product.jpeg", "calories": 242, "calories_100": 242, "protein": 31, "carbohydrate": 1, "fat": 12, "protein_100": 31, "carbohydrate_100": 1, "fat_100": 12, "drink": false, "weight": 100, "product": 135, "portion": 100, "portions": 1}}, {"model": "backend.dish", "pk": 252, "fields": {"type": "custom", "name": "Tortilia with tworog and chesee", "image": "dish.jpeg", "calories": 820, "calories_100": 190, "protein": 65, "carbohydrate": 79, "fat": 27, "protein_100": 15, "carbohydrate_100": 18, "fat_100": 6, "drink": false, "weight": 431, "product": null, "portion": 431, "portions": 1}}, {"model": "backend.ingredient", "pk": 11, "fields": {"product": 6, "calories": 100, "protein": 3, "carbohydrate": 17, "fat": 2, "dish": 9, "weight": 38}}, {"model": "backend.ingredient", "pk": 13, "fields": {"product": 7, "calories": 122, "protein": 4, "carbohydrate": 2, "fat": 11, "dish": 9, "weight": 47}}, {"model": "backend.ingredient", "pk": 25, "fields": {"product": 12, "calories": 350, "protein": 8, "carbohydrate": 8, "fat": 30, "dish": 17, "weight": 250}}, {"model": "backend.ingredient", "pk": 27, "fields": {"product": 14, "calories": 63, "protein": 6, "carbohydrate": 0, "fat": 5, "dish": 17, "weight": 15}}, {"model": "backend.ingredient", "pk": 28, "fields": {"product": 13, "calories": 360, "protein": 7, "carbohydrate": 76, "fat": 3, "dish": 17, "weight": 100}}, {"model": "backend.ingredient", "pk": 29, "fields": {"product": 16, "calories": 250, "protein": 26, "carbohydrate": 0, "fat": 15, "dish": 20, "weight": 100}}, {"model": "backend.ingredient", "pk": 30, "fields": {"product": 17, "calories": 185, "protein": 0, "carbohydrate": 0, "fat": 21, "dish": 20, "weight": 25}}, {"model": "backend.ingredient", "pk": 31, "fields": {"product": 15, "calories": 34, "protein": 0, "carbohydrate": 0, "fat": 4, "dish": 22, "weight": 10}}, {"model": "backend.ingredient", "pk": 32, "fields": {"product": 18, "calories": 58, "protein": 1, "carbohydrate": 12, "fat": 0, "dish": 22, "weight": 15}}, {"model": "backend.ingredient", "pk": 34, "fields": {"product": 11, "calories": 205, "protein": 5, "carbohydrate": 35, "fat": 0, "dish": 27, "weight": 500}}, {"model": "backend.ingredient", "pk": 35, "fields": {"product": 22, "calories": 19, "protein": 0, "carbohydrate": 5, "fat": 0, "dish": 27, "weight": 5}}, {"model": "backend.ingredient", "pk": 36, "fields": {"product": 21, "calories": 23, "protein": 1, "carbohydrate": 5, "fat": 0, "dish": 27, "weight": 15}}, {"model": "backend.ingredient", "pk": 37, "fields": {"product": 19, "calories": 10, "protein": 0, "carbohydrate": 0, "fat": 0, "dish": 27, "weight": 30}}, {"model": "backend.ingredient", "pk": 38, "fields": {"product": 20, "calories": 166, "protein": 0, "carbohydrate": 0, "fat": 18, "dish": 27, "weight": 20}}, {"model": "backend.ingredient", "pk": 39, "fields": {"product": 25, "calories": 125, "protein": 8, "carbohydrate": 10, "fat": 8, "dish": 34, "weight": 250}}, {"model": "backend.ingredient", "pk": 40, "fields": {"product": 26, "calories": 41, "protein": 6, "carbohydrate": 0, "fat": 2, "dish": 34, "weight": 150}}, {"model": "backend.ingredient", "pk": 41, "fields": {"product": 24, "calories": 668, "protein": 20, "carbohydrate": 140, "fat": 2, "dish": 34, "weight": 200}}, {"model": "backend.ingredient", "pk": 42, "fields": {"product": 28, "calories": 80, "protein": 0, "carbohydrate": 1, "fat": 9, "dish": 34, "weight": 10}}, {"model": "backend.ingredient", "pk": 44, "fields": {"product": 27, "calories": 41, "protein": 5, "carbohydrate": 10, "fat": 0, "dish": 34, "weight": 100}}, {"model": "backend.ingredient", "pk": 45, "fields": {"product": 29, "calories": 452, "protein": 36, "carbohydrate": 5, "fat": 32, "dish": 36, "weight": 150}}, {"model": "backend.ingredient", "pk": 46, "fields": {"product": 24, "calories": 668, "protein": 20, "carbohydrate": 140, "fat": 2, "dish": 36, "weight": 200}}, {"model": "backend.ingredient", "pk": 48, "fields": {"product": 25, "calories": 125, "protein": 8, "carbohydrate": 10, "fat": 8, "dish": 36, "weight": 250}}, {"model": "backend.ingredient", "pk": 49, "fields": {"product": 8, "calories": 96, "protein": 8, "carbohydrate": 0, "fat": 7, "dish": 9, "weight": 30}}, {"model": "backend.ingredient", "pk": 52, "fields": {"product": 39, "calories": 14, "protein": 1, "carbohydrate": 3, "fat": 0, "dish": 52, "weight": 70}}, {"model": "backend.ingredient", "pk": 53, "fields": {"product": 40, "calories": 173, "protein": 13, "carbohydrate": 1, "fat": 13, "dish": 52, "weight": 110}}, {"model": "backend.ingredient", "pk": 54, "fields": {"product": 28, "calories": 32, "protein": 0, "carbohydrate": 1, "fat": 4, "dish": 52, "weight": 4}}, {"model": "backend.ingredient", "pk": 55, "fields": {"product": 42, "calories": 123, "protein": 4, "carbohydrate": 22, "fat": 2, "dish": 52, "weight": 41}}, {"model": "backend.ingredient", "pk": 56, "fields": {"product": 9, "calories": 113, "protein": 10, "carbohydrate": 13, "fat": 5, "dish": 17, "weight": 250}}, {"model": "backend.ingredient", "pk": 57, "fields": {"product": 41, "calories": 30, "protein": 6, "carbohydrate": 0, "fat": 0, "dish": 52, "weight": 30}}, {"model": "backend.ingredient", "pk": 69, "fields": {"product": 28, "calories": 64, "protein": 0, "carbohydrate": 1, "fat": 7, "dish": 76, "weight": 8}}, {"model": "backend.ingredient", "pk": 70, "fields": {"product": 27, "calories": 48, "protein": 6, "carbohydrate": 12, "fat": 0, "dish": 76, "weight": 118}}, {"model": "backend.ingredient", "pk": 72, "fields": {"product": 15, "calories": 493, "protein": 3, "carbohydrate": 4, "fat": 52, "dish": 76, "weight": 145}}, {"model": "backend.ingredient", "pk": 73, "fields": {"product": 51, "calories": 1124, "protein": 64, "carbohydrate": 0, "fat": 96, "dish": 76, "weight": 400}}, {"model": "backend.ingredient", "pk": 74, "fields": {"product": 52, "calories": 592, "protein": 18, "carbohydrate": 118, "fat": 3, "dish": 76, "weight": 164}}, {"model": "backend.ingredient", "pk": 75, "fields": {"product": 53, "calories": 100, "protein": 5, "carbohydrate": 20, "fat": 0, "dish": 76, "weight": 500}}, {"model": "backend.ingredient", "pk": 86, "fields": {"product": 42, "calories": 123, "protein": 4, "carbohydrate": 22, "fat": 2, "dish": 91, "weight": 41}}, {"model": "backend.ingredient", "pk": 87, "fields": {"product": 34, "calories": 24, "protein": 0, "carbohydrate": 5, "fat": 0, "dish": 91, "weight": 11}}, {"model": "backend.ingredient", "pk": 88, "fields": {"product": 39, "calories": 11, "protein": 1, "carbohydrate": 2, "fat": 0, "dish": 91, "weight": 56}}, {"model": "backend.ingredient", "pk": 89, "fields": {"product": 41, "calories": 30, "protein": 6, "carbohydrate": 0, "fat": 0, "dish": 91, "weight": 30}}, {"model": "backend.ingredient", "pk": 90, "fields": {"product": 8, "calories": 67, "protein": 6, "carbohydrate": 0, "fat": 5, "dish": 91, "weight": 21}}, {"model": "backend.ingredient", "pk": 91, "fields": {"product": 55, "calories": 3, "protein": 0, "carbohydrate": 0, "fat": 0, "dish": 91, "weight": 20}}, {"model": "backend.ingredient", "pk": 92, "fields": {"product": 56, "calories": 4, "protein": 0, "carbohydrate": 1, "fat": 0, "dish": 91, "weight": 25}}, {"model": "backend.ingredient", "pk": 93, "fields": {"product": 6, "calories": 105, "protein": 4, "carbohydrate": 18, "fat": 2, "dish": 92, "weight": 40}}, {"model": "backend.ingredient", "pk": 95, "fields": {"product": 63, "calories": 437, "protein": 95, "carbohydrate": 0, "fat": 8, "dish": 104, "weight": 412}}, {"model": "backend.ingredient", "pk": 96, "fields": {"product": 64, "calories": 54, "protein": 0, "carbohydrate": 14, "fat": 0, "dish": 104, "weight": 17}}, {"model": "backend.ingredient", "pk": 97, "fields": {"product": 62, "calories": 27, "protein": 4, "carbohydrate": 2, "fat": 1, "dish": 104, "weight": 50}}, {"model": "backend.ingredient", "pk": 98, "fields": {"product": 61, "calories": 30, "protein": 0, "carbohydrate": 6, "fat": 0, "dish": 104, "weight": 27}}, {"model": "backend.ingredient", "pk": 99, "fields": {"product": 60, "calories": 64, "protein": 1, "carbohydrate": 14, "fat": 0, "dish": 104, "weight": 36}}, {"model": "backend.ingredient", "pk": 100, "fields": {"product": 24, "calories": 374, "protein": 11, "carbohydrate": 78, "fat": 1, "dish": 104, "weight": 112}}, {"model": "backend.ingredient", "pk": 101, "fields": {"product": 40, "calories": 94, "protein": 7, "carbohydrate": 1, "fat": 7, "dish": 104, "weight": 60}}, {"model": "backend.ingredient", "pk": 102, "fields": {"product": 34, "calories": 59, "protein": 1, "carbohydrate": 12, "fat": 1, "dish": 104, "weight": 27}}, {"model": "backend.ingredient", "pk": 103, "fields": {"product": 66, "calories": 0, "protein": 0, "carbohydrate": 0, "fat": 0, "dish": 108, "weight": 300}}, {"model": "backend.ingredient", "pk": 105, "fields": {"product": 67, "calories": 106, "protein": 0, "carbohydrate": 27, "fat": 0, "dish": 108, "weight": 50}}, {"model": "backend.ingredient", "pk": 106, "fields": {"product": 65, "calories": 875, "protein": 18, "carbohydrate": 18, "fat": 3, "dish": 108, "weight": 250}}, {"model": "backend.ingredient", "pk": 108, "fields": {"product": 69, "calories": 93, "protein": 4, "carbohydrate": 3, "fat": 7, "dish": 124, "weight": 63}}, {"model": "backend.ingredient", "pk": 109, "fields": {"product": 70, "calories": 227, "protein": 30, "carbohydrate": 0, "fat": 12, "dish": 124, "weight": 120}}, {"model": "backend.ingredient", "pk": 110, "fields": {"product": 65, "calories": 525, "protein": 11, "carbohydrate": 11, "fat": 2, "dish": 124, "weight": 150}}, {"model": "backend.ingredient", "pk": 111, "fields": {"product": 66, "calories": 0, "protein": 0, "carbohydrate": 0, "fat": 0, "dish": 124, "weight": 180}}, {"model": "backend.ingredient", "pk": 112, "fields": {"product": 67, "calories": 74, "protein": 0, "carbohydrate": 19, "fat": 0, "dish": 124, "weight": 35}}, {"model": "backend.ingredient", "pk": 113, "fields": {"product": 74, "calories": 38, "protein": 0, "carbohydrate": 0, "fat": 4, "dish": 124, "weight": 6}}, {"model": "backend.ingredient", "pk": 114, "fields": {"product": 66, "calories": 0, "protein": 0, "carbohydrate": 0, "fat": 0, "dish": 126, "weight": 120}}, {"model": "backend.ingredient", "pk": 115, "fields": {"product": 72, "calories": 84, "protein": 9, "carbohydrate": 11, "fat": 1, "dish": 126, "weight": 100}}, {"model": "backend.ingredient", "pk": 116, "fields": {"product": 65, "calories": 350, "protein": 7, "carbohydrate": 7, "fat": 1, "dish": 126, "weight": 100}}, {"model": "backend.ingredient", "pk": 117, "fields": {"product": 73, "calories": 150, "protein": 3, "carbohydrate": 2, "fat": 15, "dish": 126, "weight": 43}}, {"model": "backend.ingredient", "pk": 118, "fields": {"product": 74, "calories": 63, "protein": 0, "carbohydrate": 0, "fat": 7, "dish": 126, "weight": 10}}, {"model": "backend.ingredient", "pk": 119, "fields": {"product": 69, "calories": 53, "protein": 3, "carbohydrate": 2, "fat": 4, "dish": 126, "weight": 36}}, {"model": "backend.ingredient", "pk": 120, "fields": {"product": 66, "calories": 0, "protein": 0, "carbohydrate": 0, "fat": 0, "dish": 139, "weight": 2000}}, {"model": "backend.ingredient", "pk": 142, "fields": {"product": 71, "calories": 59, "protein": 2, "carbohydrate": 8, "fat": 0, "dish": 139, "weight": 204}}, {"model": "backend.ingredient", "pk": 143, "fields": {"product": 16, "calories": 813, "protein": 85, "carbohydrate": 0, "fat": 49, "dish": 139, "weight": 325}}, {"model": "backend.ingredient", "pk": 144, "fields": {"product": 69, "calories": 88, "protein": 4, "carbohydrate": 3, "fat": 7, "dish": 139, "weight": 60}}, {"model": "backend.ingredient", "pk": 145, "fields": {"product": 11, "calories": 36, "protein": 1, "carbohydrate": 6, "fat": 0, "dish": 139, "weight": 87}}, {"model": "backend.ingredient", "pk": 146, "fields": {"product": 27, "calories": 25, "protein": 3, "carbohydrate": 6, "fat": 0, "dish": 139, "weight": 62}}, {"model": "backend.ingredient", "pk": 149, "fields": {"product": 40, "calories": 165, "protein": 13, "carbohydrate": 1, "fat": 13, "dish": 166, "weight": 105}}, {"model": "backend.ingredient", "pk": 150, "fields": {"product": 9, "calories": 52, "protein": 5, "carbohydrate": 6, "fat": 2, "dish": 166, "weight": 115}}, {"model": "backend.ingredient", "pk": 158, "fields": {"product": 24, "calories": 1336, "protein": 40, "carbohydrate": 280, "fat": 4, "dish": 192, "weight": 400}}, {"model": "backend.ingredient", "pk": 159, "fields": {"product": 20, "calories": 414, "protein": 0, "carbohydrate": 0, "fat": 46, "dish": 192, "weight": 50}}, {"model": "backend.ingredient", "pk": 160, "fields": {"product": 8, "calories": 351, "protein": 30, "carbohydrate": 0, "fat": 25, "dish": 192, "weight": 110}}, {"model": "backend.ingredient", "pk": 161, "fields": {"product": 106, "calories": 760, "protein": 36, "carbohydrate": 40, "fat": 52, "dish": 192, "weight": 400}}, {"model": "backend.ingredient", "pk": 162, "fields": {"product": 9, "calories": 68, "protein": 6, "carbohydrate": 8, "fat": 3, "dish": 192, "weight": 150}}, {"model": "backend.ingredient", "pk": 163, "fields": {"product": 22, "calories": 77, "protein": 0, "carbohydrate": 20, "fat": 0, "dish": 192, "weight": 20}}, {"model": "backend.ingredient", "pk": 164, "fields": {"product": 8, "calories": 96, "protein": 8, "carbohydrate": 0, "fat": 7, "dish": 206, "weight": 30}}, {"model": "backend.ingredient", "pk": 165, "fields": {"product": 11, "calories": 17, "protein": 0, "carbohydrate": 3, "fat": 0, "dish": 206, "weight": 42}}, {"model": "backend.ingredient", "pk": 166, "fields": {"product": 34, "calories": 22, "protein": 0, "carbohydrate": 4, "fat": 0, "dish": 206, "weight": 10}}, {"model": "backend.ingredient", "pk": 167, "fields": {"product": 71, "calories": 29, "protein": 1, "carbohydrate": 4, "fat": 0, "dish": 206, "weight": 100}}, {"model": "backend.ingredient", "pk": 168, "fields": {"product": 63, "calories": 90, "protein": 20, "carbohydrate": 0, "fat": 2, "dish": 206, "weight": 85}}, {"model": "backend.ingredient", "pk": 169, "fields": {"product": 33, "calories": 48, "protein": 0, "carbohydrate": 1, "fat": 5, "dish": 206, "weight": 13}}, {"model": "backend.ingredient", "pk": 170, "fields": {"product": 17, "calories": 44, "protein": 0, "carbohydrate": 0, "fat": 5, "dish": 206, "weight": 6}}, {"model": "backend.ingredient", "pk": 171, "fields": {"product": 42, "calories": 278, "protein": 8, "carbohydrate": 49, "fat": 5, "dish": 206, "weight": 93}}, {"model": "backend.ingredient", "pk": 178, "fields": {"product": 20, "calories": 58, "protein": 0, "carbohydrate": 0, "fat": 6, "dish": 214, "weight": 7}}, {"model": "backend.ingredient", "pk": 179, "fields": {"product": 40, "calories": 236, "protein": 18, "carbohydrate": 2, "fat": 18, "dish": 225, "weight": 150}}, {"model": "backend.ingredient", "pk": 180, "fields": {"product": 28, "calories": 24, "protein": 0, "carbohydrate": 0, "fat": 3, "dish": 230, "weight": 3}}, {"model": "backend.ingredient", "pk": 181, "fields": {"product": 42, "calories": 281, "protein": 8, "carbohydrate": 50, "fat": 5, "dish": 230, "weight": 94}}, {"model": "backend.ingredient", "pk": 182, "fields": {"product": 34, "calories": 24, "protein": 0, "carbohydrate": 5, "fat": 0, "dish": 230, "weight": 11}}, {"model": "backend.ingredient", "pk": 183, "fields": {"product": 63, "calories": 117, "protein": 25, "carbohydrate": 0, "fat": 2, "dish": 230, "weight": 110}}, {"model": "backend.ingredient", "pk": 184, "fields": {"product": 9, "calories": 9, "protein": 1, "carbohydrate": 1, "fat": 0, "dish": 233, "weight": 20}}, {"model": "backend.ingredient", "pk": 185, "fields": {"product": 107, "calories": 61, "protein": 4, "carbohydrate": 5, "fat": 4, "dish": 233, "weight": 90}}, {"model": "backend.ingredient", "pk": 186, "fields": {"product": 108, "calories": 167, "protein": 4, "carbohydrate": 18, "fat": 6, "dish": 233, "weight": 40}}, {"model": "backend.ingredient", "pk": 187, "fields": {"product": 26, "calories": 49, "protein": 7, "carbohydrate": 0, "fat": 2, "dish": 237, "weight": 180}}, {"model": "backend.ingredient", "pk": 188, "fields": {"product": 41, "calories": 33, "protein": 7, "carbohydrate": 0, "fat": 0, "dish": 237, "weight": 33}}, {"model": "backend.ingredient", "pk": 189, "fields": {"product": 69, "calories": 169, "protein": 8, "carbohydrate": 6, "fat": 13, "dish": 237, "weight": 115}}, {"model": "backend.ingredient", "pk": 190, "fields": {"product": 21, "calories": 15, "protein": 1, "carbohydrate": 3, "fat": 0, "dish": 237, "weight": 10}}, {"model": "backend.ingredient", "pk": 191, "fields": {"product": 129, "calories": 820, "protein": 20, "carbohydrate": 170, "fat": 0, "dish": 244, "weight": 1000}}, {"model": "backend.ingredient", "pk": 192, "fields": {"product": 20, "calories": 75, "protein": 0, "carbohydrate": 0, "fat": 8, "dish": 244, "weight": 9}}, {"model": "backend.ingredient", "pk": 193, "fields": {"product": 27, "calories": 37, "protein": 5, "carbohydrate": 9, "fat": 0, "dish": 244, "weight": 90}}, {"model": "backend.ingredient", "pk": 194, "fields": {"product": 24, "calories": 67, "protein": 2, "carbohydrate": 14, "fat": 0, "dish": 244, "weight": 20}}, {"model": "backend.ingredient", "pk": 195, "fields": {"product": 127, "calories": 270, "protein": 5, "carbohydrate": 7, "fat": 23, "dish": 244, "weight": 180}}, {"model": "backend.ingredient", "pk": 196, "fields": {"product": 26, "calories": 89, "protein": 13, "carbohydrate": 0, "fat": 3, "dish": 244, "weight": 330}}, {"model": "backend.ingredient", "pk": 197, "fields": {"product": 40, "calories": 204, "protein": 16, "carbohydrate": 1, "fat": 16, "dish": 245, "weight": 130}}, {"model": "backend.ingredient", "pk": 198, "fields": {"product": 131, "calories": 218, "protein": 23, "carbohydrate": 29, "fat": 3, "dish": 245, "weight": 260}}, {"model": "backend.ingredient", "pk": 199, "fields": {"product": 55, "calories": 24, "protein": 0, "carbohydrate": 0, "fat": 0, "dish": 245, "weight": 150}}, {"model": "backend.ingredient", "pk": 200, "fields": {"product": 56, "calories": 34, "protein": 2, "carbohydrate": 7, "fat": 0, "dish": 245, "weight": 240}}, {"model": "backend.ingredient", "pk": 201, "fields": {"product": 125, "calories": 164, "protein": 1, "carbohydrate": 2, "fat": 17, "dish": 245, "weight": 66}}, {"model": "backend.ingredient", "pk": 202, "fields": {"product": 134, "calories": 236, "protein": 34, "carbohydrate": 8, "fat": 8, "dish": 252, "weight": 200}}, {"model": "backend.ingredient", "pk": 203, "fields": {"product": 135, "calories": 92, "protein": 12, "carbohydrate": 0, "fat": 5, "dish": 252, "weight": 38}}, {"model": "backend.ingredient", "pk": 204, "fields": {"product": 42, "calories": 398, "protein": 12, "carbohydrate": 70, "fat": 7, "dish": 252, "weight": 133}}, {"model": "backend.ingredient", "pk": 205, "fields": {"product": 40, "calories": 94, "protein": 7, "carbohydrate": 1, "fat": 7, "dish": 252, "weight": 60}}, {"model": "backend.diaryrecord", "pk": 13, "fields": {"name": "oboy drink", "dish": 22, "date": "2025-01-09T17:16:00Z", "calories": 92, "protein": 1, "carbohydrate": 12, "fat": 4, "weight": 25, "portions": 0}}, {"model": "backend.diaryrecord", "pk": 14, "fields": {"name": "vareniki cheese", "dish": 36, "date": "2025-01-09T17:46:00Z", "calories": 299, "protein": 14, "carbohydrate": 39, "fat": 9, "weight": 170, "portions": 0}}, {"model": "backend.diaryrecord", "pk": 15, "fields": {"name": "Redd kyckling sopp", "dish": 28, "date": "2025-01-09T17:46:00Z", "calories": 58, "protein": 0, "carbohydrate": 0, "fat": 0, "weight": 250, "portions": 0}}, {"model": "backend.diaryrecord", "pk": 16, "fields": {"name": "Sour blast", "dish": 37, "date": "2025-01-09T17:49:00Z", "calories": 38, "protein": 0, "carbohydrate": 9, "fat": 0, "weight": 10, "portions": 0}}, {"model": "backend.diaryrecord", "pk": 17, "fields": {"name": "French fries", "dish": 38, "date": "2025-01-09T17:49:00Z", "calories": 279, "protein": 5, "carbohydrate": 49, "fat": 7, "weight": 180, "portions": 0}}, {"model": "backend.diaryrecord", "pk": 18, "fields": {"name": "Chicken cottlet", "dish": 39, "date": "2025-01-09T17:49:00Z", "calories": 273, "protein": 13, "carbohydrate": 10, "fat": 16, "weight": 109, "portions": 0}}, {"model": "backend.diaryrecord", "pk": 19, "fields": {"name": "korean carrot", "dish": 27, "date": "2025-01-09T17:51:00Z", "calories": 50, "protein": 1, "carbohydrate": 4, "fat": 3, "weight": 50, "portions": 0}}, {"model": "backend.diaryrecord", "pk": 20, "fields": {"name": "Senap", "dish": 41, "date": "2025-01-09T17:53:00Z", "calories": 24, "protein": 0, "carbohydrate": 5, "fat": 0, "weight": 11, "portions": 0}}, {"model": "backend.diaryrecord", "pk": 21, "fields": {"name": "Tartar souse", "dish": 40, "date": "2025-01-09T17:53:00Z", "calories": 26, "protein": 0, "carbohydrate": 0, "fat": 3, "weight": 7, "portions": 0}}, {"model": "backend.diaryrecord", "pk": 22, "fields": {"name": "Greak youghurt", "dish": 42, "date": "2025-01-10T08:06:00Z", "calories": 50, "protein": 3, "carbohydrate": 4, "fat": 3, "weight": 73, "portions": 0}}, {"model": "backend.diaryrecord", "pk": 23, "fields": {"name": "Musli berries", "dish": 43, "date": "2025-01-10T08:07:00Z", "calories": 85, "protein": 2, "carbohydrate": 15, "fat": 1, "weight": 24, "portions": 0}}, {"model": "backend.diaryrecord", "pk": 24, "fields": {"name": "Milk", "dish": 44, "date": "2025-01-10T08:12:00Z", "calories": 23, "protein": 2, "carbohydrate": 3, "fat": 1, "weight": 50, "portions": 0}}, {"model": "backend.diaryrecord", "pk": 25, "fields": {"name": "sandwich", "dish": 9, "date": "2025-01-10T14:22:00Z", "calories": 317, "protein": 15, "carbohydrate": 18, "fat": 20, "weight": 115, "portions": 0}}, {"model": "backend.diaryrecord", "pk": 26, "fields": {"name": "Pizza peperoni", "dish": 47, "date": "2025-01-10T15:35:00Z", "calories": 662, "protein": 27, "carbohydrate": 67, "fat": 30, "weight": 248, "portions": 0}}, {"model": "backend.diaryrecord", "pk": 27, "fields": {"name": "Pizza peperoni", "dish": 47, "date": "2025-01-10T22:07:00Z", "calories": 392, "protein": 16, "carbohydrate": 40, "fat": 18, "weight": 147, "portions": 0}}, {"model": "backend.diaryrecord", "pk": 28, "fields": {"name": "tortilia with egg tomato and kalkon", "dish": 52, "date": "2025-01-11T11:35:00Z", "calories": 342, "protein": 18, "carbohydrate": 27, "fat": 18, "weight": 225, "portions": 0}}, {"model": "backend.diaryrecord", "pk": 29, "fields": {"name": "Milk", "dish": 44, "date": "2025-01-11T12:08:00Z", "calories": 25, "protein": 2, "carbohydrate": 3, "fat": 1, "weight": 55, "portions": 0}}, {"model": "backend.diaryrecord", "pk": 30, "fields": {"name": "Creame(gradde)", "dish": 15, "date": "2025-01-11T12:08:00Z", "calories": 17, "protein": 0, "carbohydrate": 0, "fat": 2, "weight": 5, "portions": 0}}, {"model": "backend.diaryrecord", "pk": 31, "fields": {"name": "Coffe syrup salted caramel", "dish": 53, "date": "2025-01-11T12:08:00Z", "calories": 17, "protein": 0, "carbohydrate": 4, "fat": 0, "weight": 7, "portions": 0}}, {"model": "backend.diaryrecord", "pk": 32, "fields": {"name": "Black chocolate", "dish": 54, "date": "2025-01-11T12:12:00Z", "calories": 55, "protein": 1, "carbohydrate": 5, "fat": 4, "weight": 10, "portions": 0}}, {"model": "backend.diaryrecord", "pk": 33, "fields": {"name": "Pizza peperoni", "dish": 47, "date": "2025-01-11T14:13:00Z", "calories": 200, "protein": 8, "carbohydrate": 20, "fat": 9, "weight": 75, "portions": 0}}, {"model": "backend.diaryrecord", "pk": 34, "fields": {"name": "Creame(gradde)", "dish": 15, "date": "2025-01-13T10:19:00Z", "calories": 85, "protein": 1, "carbohydrate": 1, "fat": 9, "weight": 25, "portions": 0}}, {"model": "backend.diaryrecord", "pk": 35, "fields": {"name": "Rise", "dish": 55, "date": "2025-01-13T10:19:00Z", "calories": 379, "protein": 10, "carbohydrate": 78, "fat": 4, "weight": 125, "portions": 0}}, {"model": "backend.diaryrecord", "pk": 39, "fields": {"name": "banosh", "dish": 17, "date": "2025-01-13T19:23:00Z", "calories": 226, "protein": 8, "carbohydrate": 24, "fat": 9, "weight": 157, "portions": 0}}, {"model": "backend.diaryrecord", "pk": 40, "fields": {"name": "Butter", "dish": 19, "date": "2025-01-13T19:24:00Z", "calories": 222, "protein": 0, "carbohydrate": 0, "fat": 25, "weight": 30, "portions": 0}}, {"model": "backend.diaryrecord", "pk": 41, "fields": {"name": "Beef steak", "dish": 57, "date": "2025-01-13T19:26:00Z", "calories": 284, "protein": 44, "carbohydrate": 0, "fat": 12, "weight": 200, "portions": 0}}, {"model": "backend.diaryrecord", "pk": 42, "fields": {"name": "tortilia with egg tomato and kalkon", "dish": 52, "date": "2025-01-14T08:04:00Z", "calories": 342, "protein": 18, "carbohydrate": 27, "fat": 19, "weight": 0, "portions": 1}}, {"model": "backend.diaryrecord", "pk": 43, "fields": {"name": "Creame(gradde)", "dish": 15, "date": "2025-01-14T10:36:00Z", "calories": 71, "protein": 0, "carbohydrate": 1, "fat": 8, "weight": 21, "portions": 0}}, {"model": "backend.diaryrecord", "pk": 45, "fields": {"name": "Kosichka", "dish": 59, "date": "2025-01-14T11:53:00Z", "calories": 160, "protein": 10, "carbohydrate": 1, "fat": 13, "weight": 50, "portions": 0}}, {"model": "backend.diaryrecord", "pk": 46, "fields": {"name": "Black chocolate", "dish": 54, "date": "2025-01-14T13:01:00Z", "calories": 55, "protein": 1, "carbohydrate": 5, "fat": 4, "weight": 10, "portions": 0}}, {"model": "backend.diaryrecord", "pk": 47, "fields": {"name": "korean carrot", "dish": 27, "date": "2025-01-14T13:30:00Z", "calories": 69, "protein": 1, "carbohydrate": 5, "fat": 4, "weight": 70, "portions": 0}}, {"model": "backend.diaryrecord", "pk": 48, "fields": {"name": "Putasu", "dish": 62, "date": "2025-01-14T13:43:00Z", "calories": 22, "protein": 5, "carbohydrate": 0, "fat": 0, "weight": 27, "portions": 0}}, {"model": "backend.diaryrecord", "pk": 49, "fields": {"name": "salsicia pasta", "dish": 76, "date": "2025-01-14T15:34:00Z", "calories": 416, "protein": 16, "carbohydrate": 25, "fat": 25, "weight": 230, "portions": 0}}, {"model": "backend.diaryrecord", "pk": 51, "fields": {"name": "sneakers creamy", "dish": 66, "date": "2025-01-14T16:58:00Z", "calories": 96, "protein": 2, "carbohydrate": 10, "fat": 6, "weight": 0, "portions": 1}}, {"model": "backend.diaryrecord", "pk": 52, "fields": {"name": "zupa grzybowa", "dish": 87, "date": "2025-01-15T11:30:00Z", "calories": 72, "protein": 0, "carbohydrate": 0, "fat": 0, "weight": 300, "portions": 0}}, {"model": "backend.diaryrecord", "pk": 53, "fields": {"name": "Milk", "dish": 44, "date": "2025-01-15T11:31:00Z", "calories": 27, "protein": 2, "carbohydrate": 3, "fat": 1, "weight": 60, "portions": 0}}, {"model": "backend.diaryrecord", "pk": 54, "fields": {"name": "Creame(gradde)", "dish": 15, "date": "2025-01-15T11:31:00Z", "calories": 85, "protein": 1, "carbohydrate": 1, "fat": 9, "weight": 25, "portions": 0}}, {"model": "backend.diaryrecord", "pk": 56, "fields": {"name": "tortilia with veg and kalkon", "dish": 91, "date": "2025-01-15T11:35:00Z", "calories": 474, "protein": 12, "carbohydrate": 84, "fat": 5, "weight": 0, "portions": 1}}, {"model": "backend.diaryrecord", "pk": 57, "fields": {"name": "bread", "dish": 92, "date": "2025-01-15T11:37:00Z", "calories": 105, "protein": 4, "carbohydrate": 18, "fat": 2, "weight": 0, "portions": 1}}, {"model": "backend.diaryrecord", "pk": 58, "fields": {"name": "Putasu", "dish": 62, "date": "2025-01-15T11:37:00Z", "calories": 25, "protein": 6, "carbohydrate": 0, "fat": 0, "weight": 30, "portions": 0}}, {"model": "backend.diaryrecord", "pk": 59, "fields": {"name": "rice ready", "dish": 108, "date": "2025-01-15T16:35:00Z", "calories": 245, "protein": 5, "carbohydrate": 11, "fat": 0, "weight": 0, "portions": 1}}, {"model": "backend.diaryrecord", "pk": 60, "fields": {"name": "chiken asian", "dish": 104, "date": "2025-01-15T16:37:00Z", "calories": 168, "protein": 27, "carbohydrate": 9, "fat": 2, "weight": 150, "portions": 0}}, {"model": "backend.diaryrecord", "pk": 61, "fields": {"name": "Milk", "dish": 44, "date": "2025-01-15T17:13:00Z", "calories": 14, "protein": 1, "carbohydrate": 2, "fat": 1, "weight": 30, "portions": 0}}, {"model": "backend.diaryrecord", "pk": 62, "fields": {"name": "tortilia with veg and kalkon", "dish": 91, "date": "2025-01-16T08:17:00Z", "calories": 267, "protein": 15, "carbohydrate": 27, "fat": 8, "weight": 0, "portions": 1}}, {"model": "backend.diaryrecord", "pk": 63, "fields": {"name": "Milk", "dish": 44, "date": "2025-01-16T09:21:00Z", "calories": 9, "protein": 1, "carbohydrate": 1, "fat": 0, "weight": 21, "portions": 0}}, {"model": "backend.diaryrecord", "pk": 64, "fields": {"name": "Creame(gradde)", "dish": 15, "date": "2025-01-16T09:21:00Z", "calories": 27, "protein": 0, "carbohydrate": 0, "fat": 3, "weight": 8, "portions": 0}}, {"model": "backend.diaryrecord", "pk": 65, "fields": {"name": "Cooked rice", "dish": 108, "date": "2025-01-16T12:35:00Z", "calories": 196, "protein": 4, "carbohydrate": 8, "fat": 0, "weight": 120, "portions": 0}}, {"model": "backend.diaryrecord", "pk": 66, "fields": {"name": "chiken asian", "dish": 104, "date": "2025-01-16T12:35:00Z", "calories": 71, "protein": 11, "carbohydrate": 4, "fat": 1, "weight": 63, "portions": 0}}, {"model": "backend.diaryrecord", "pk": 67, "fields": {"name": "sneakers creamy", "dish": 66, "date": "2025-01-16T13:42:00Z", "calories": 96, "protein": 2, "carbohydrate": 10, "fat": 6, "weight": 0, "portions": 1}}, {"model": "backend.diaryrecord", "pk": 68, "fields": {"name": "Sunflower", "dish": 114, "date": "2025-01-16T14:21:00Z", "calories": 165, "protein": 6, "carbohydrate": 1, "fat": 6, "weight": 0, "portions": 1}}, {"model": "backend.diaryrecord", "pk": 69, "fields": {"name": "chiken asian", "dish": 104, "date": "2025-01-16T17:03:00Z", "calories": 116, "protein": 19, "carbohydrate": 6, "fat": 1, "weight": 104, "portions": 0}}, {"model": "backend.diaryrecord", "pk": 70, "fields": {"name": "Cooked rice", "dish": 108, "date": "2025-01-16T17:03:00Z", "calories": 166, "protein": 3, "carbohydrate": 7, "fat": 0, "weight": 102, "portions": 0}}, {"model": "backend.diaryrecord", "pk": 71, "fields": {"name": "tortilia with veg and kalkon", "dish": 91, "date": "2025-01-17T10:00:00Z", "calories": 267, "protein": 15, "carbohydrate": 27, "fat": 8, "weight": 0, "portions": 1}}, {"model": "backend.diaryrecord", "pk": 72, "fields": {"name": "Milk", "dish": 44, "date": "2025-01-17T10:00:00Z", "calories": 15, "protein": 1, "carbohydrate": 2, "fat": 1, "weight": 33, "portions": 0}}, {"model": "backend.diaryrecord", "pk": 73, "fields": {"name": "Creame(gradde)", "dish": 15, "date": "2025-01-17T10:01:00Z", "calories": 24, "protein": 0, "carbohydrate": 0, "fat": 3, "weight": 7, "portions": 0}}, {"model": "backend.diaryrecord", "pk": 74, "fields": {"name": "Pelmeni", "dish": 116, "date": "2025-01-17T14:49:00Z", "calories": 440, "protein": 22, "carbohydrate": 48, "fat": 18, "weight": 0, "portions": 1}}, {"model": "backend.diaryrecord", "pk": 75, "fields": {"name": "Bubble tea", "dish": 117, "date": "2025-01-17T14:49:00Z", "calories": 500, "protein": 0, "carbohydrate": 250, "fat": 0, "weight": 0, "portions": 1}}, {"model": "backend.diaryrecord", "pk": 76, "fields": {"name": "Carrot", "dish": 10, "date": "2025-01-20T10:59:00Z", "calories": 25, "protein": 1, "carbohydrate": 4, "fat": 0, "weight": 60, "portions": 0}}, {"model": "backend.diaryrecord", "pk": 77, "fields": {"name": "tortilia with veg and kalkon", "dish": 91, "date": "2025-01-20T10:59:00Z", "calories": 267, "protein": 15, "carbohydrate": 27, "fat": 8, "weight": 0, "portions": 1}}, {"model": "backend.diaryrecord", "pk": 78, "fields": {"name": "Milk", "dish": 44, "date": "2025-01-20T10:59:00Z", "calories": 23, "protein": 2, "carbohydrate": 3, "fat": 1, "weight": 50, "portions": 0}}, {"model": "backend.diaryrecord", "pk": 79, "fields": {"name": "Monblant", "dish": 133, "date": "2025-01-20T11:20:00Z", "calories": 87, "protein": 1, "carbohydrate": 7, "fat": 6, "weight": 0, "portions": 1}}, {"model": "backend.diaryrecord", "pk": 80, "fields": {"name": "Onigiri with tuna", "dish": 124, "date": "2025-01-20T13:22:00Z", "calories": 317, "protein": 13, "carbohydrate": 10, "fat": 8, "weight": 0, "portions": 1}}, {"model": "backend.diaryrecord", "pk": 81, "fields": {"name": "Soup", "dish": 139, "date": "2025-01-20T13:31:00Z", "calories": 141, "protein": 10, "carbohydrate": 7, "fat": 3, "weight": 344, "portions": 0}}, {"model": "backend.diaryrecord", "pk": 82, "fields": {"name": "Onigiri with tuna", "dish": 124, "date": "2025-01-20T16:08:00Z", "calories": 317, "protein": 13, "carbohydrate": 10, "fat": 8, "weight": 0, "portions": 1}}, {"model": "backend.diaryrecord", "pk": 83, "fields": {"name": "Black chocolate", "dish": 54, "date": "2025-01-20T20:14:00Z", "calories": 55, "protein": 1, "carbohydrate": 5, "fat": 4, "weight": 10, "portions": 0}}, {"model": "backend.diaryrecord", "pk": 84, "fields": {"name": "Kosichka", "dish": 59, "date": "2025-01-20T20:14:00Z", "calories": 64, "protein": 4, "carbohydrate": 0, "fat": 5, "weight": 20, "portions": 0}}, {"model": "backend.diaryrecord", "pk": 85, "fields": {"name": "tortilia with veg and kalkon", "dish": 91, "date": "2025-01-21T10:11:00Z", "calories": 267, "protein": 15, "carbohydrate": 27, "fat": 8, "weight": 0, "portions": 1}}, {"model": "backend.diaryrecord", "pk": 87, "fields": {"name": "Omlet", "dish": 166, "date": "2025-01-21T10:16:00Z", "calories": 108, "protein": 9, "carbohydrate": 3, "fat": 7, "weight": 0, "portions": 1}}, {"model": "backend.diaryrecord", "pk": 88, "fields": {"name": "Milk", "dish": 44, "date": "2025-01-21T11:16:00Z", "calories": 15, "protein": 1, "carbohydrate": 2, "fat": 1, "weight": 33, "portions": 0}}, {"model": "backend.diaryrecord", "pk": 89, "fields": {"name": "Creame(gradde)", "dish": 15, "date": "2025-01-21T11:17:00Z", "calories": 24, "protein": 0, "carbohydrate": 0, "fat": 3, "weight": 7, "portions": 0}}, {"model": "backend.diaryrecord", "pk": 90, "fields": {"name": "Black chocolate", "dish": 54, "date": "2025-01-21T13:14:00Z", "calories": 51, "protein": 1, "carbohydrate": 5, "fat": 3, "weight": 10, "portions": 0}}, {"model": "backend.diaryrecord", "pk": 91, "fields": {"name": "Soup", "dish": 139, "date": "2025-01-21T14:06:00Z", "calories": 147, "protein": 11, "carbohydrate": 7, "fat": 4, "weight": 358, "portions": 0}}, {"model": "backend.diaryrecord", "pk": 93, "fields": {"name": "Potato sticks", "dish": 172, "date": "2025-01-21T15:41:00Z", "calories": 160, "protein": 3, "carbohydrate": 25, "fat": 5, "weight": 100, "portions": 0}}, {"model": "backend.diaryrecord", "pk": 94, "fields": {"name": "Chicken sticks", "dish": 176, "date": "2025-01-21T16:11:00Z", "calories": 275, "protein": 12, "carbohydrate": 14, "fat": 18, "weight": 102, "portions": 0}}, {"model": "backend.diaryrecord", "pk": 95, "fields": {"name": "Senap", "dish": 41, "date": "2025-01-21T16:12:00Z", "calories": 37, "protein": 1, "carbohydrate": 7, "fat": 1, "weight": 17, "portions": 0}}, {"model": "backend.diaryrecord", "pk": 96, "fields": {"name": "tortilia with veg and kalkon", "dish": 91, "date": "2025-01-22T11:07:00Z", "calories": 267, "protein": 15, "carbohydrate": 27, "fat": 8, "weight": 0, "portions": 1}}, {"model": "backend.diaryrecord", "pk": 97, "fields": {"name": "Milk", "dish": 44, "date": "2025-01-22T11:08:00Z", "calories": 18, "protein": 2, "carbohydrate": 2, "fat": 1, "weight": 40, "portions": 0}}, {"model": "backend.diaryrecord", "pk": 98, "fields": {"name": "Creame(gradde)", "dish": 15, "date": "2025-01-22T11:08:00Z", "calories": 58, "protein": 0, "carbohydrate": 1, "fat": 6, "weight": 17, "portions": 0}}, {"model": "backend.diaryrecord", "pk": 99, "fields": {"name": "bread", "dish": 92, "date": "2025-01-22T16:05:00Z", "calories": 105, "protein": 4, "carbohydrate": 18, "fat": 2, "weight": 40, "portions": 0}}, {"model": "backend.diaryrecord", "pk": 100, "fields": {"name": "Crab paste", "dish": 123, "date": "2025-01-22T16:05:00Z", "calories": 70, "protein": 1, "carbohydrate": 1, "fat": 7, "weight": 20, "portions": 0}}, {"model": "backend.diaryrecord", "pk": 101, "fields": {"name": "Sausage", "dish": 179, "date": "2025-01-22T17:46:00Z", "calories": 263, "protein": 9, "carbohydrate": 6, "fat": 24, "weight": 94, "portions": 0}}, {"model": "backend.diaryrecord", "pk": 102, "fields": {"name": "banosh", "dish": 17, "date": "2025-01-22T17:46:00Z", "calories": 187, "protein": 7, "carbohydrate": 20, "fat": 8, "weight": 130, "portions": 0}}, {"model": "backend.diaryrecord", "pk": 103, "fields": {"name": "Ketchup", "dish": 100, "date": "2025-01-22T17:47:00Z", "calories": 11, "protein": 0, "carbohydrate": 2, "fat": 0, "weight": 10, "portions": 0}}, {"model": "backend.diaryrecord", "pk": 104, "fields": {"name": "Senap", "dish": 41, "date": "2025-01-22T17:47:00Z", "calories": 20, "protein": 0, "carbohydrate": 4, "fat": 0, "weight": 9, "portions": 0}}, {"model": "backend.diaryrecord", "pk": 105, "fields": {"name": "Milk", "dish": 44, "date": "2025-01-23T08:40:00Z", "calories": 19, "protein": 2, "carbohydrate": 2, "fat": 1, "weight": 43, "portions": 0}}, {"model": "backend.diaryrecord", "pk": 106, "fields": {"name": "Creame(gradde)", "dish": 15, "date": "2025-01-23T08:40:00Z", "calories": 24, "protein": 0, "carbohydrate": 0, "fat": 3, "weight": 7, "portions": 0}}, {"model": "backend.diaryrecord", "pk": 107, "fields": {"name": "tortilia with veg and kalkon", "dish": 91, "date": "2025-01-23T11:06:00Z", "calories": 214, "protein": 13, "carbohydrate": 23, "fat": 5, "weight": 0, "portions": 1}}, {"model": "backend.diaryrecord", "pk": 108, "fields": {"name": "Soup", "dish": 139, "date": "2025-01-23T13:24:00Z", "calories": 144, "protein": 11, "carbohydrate": 7, "fat": 4, "weight": 350, "portions": 0}}, {"model": "backend.diaryrecord", "pk": 109, "fields": {"name": "Sunflower", "dish": 114, "date": "2025-01-23T13:57:00Z", "calories": 185, "protein": 7, "carbohydrate": 1, "fat": 7, "weight": 28, "portions": 0}}, {"model": "backend.diaryrecord", "pk": 110, "fields": {"name": "Potato sticks", "dish": 172, "date": "2025-01-23T16:08:00Z", "calories": 256, "protein": 5, "carbohydrate": 40, "fat": 8, "weight": 160, "portions": 0}}, {"model": "backend.diaryrecord", "pk": 111, "fields": {"name": "Chicken sticks", "dish": 176, "date": "2025-01-23T16:09:00Z", "calories": 203, "protein": 9, "carbohydrate": 11, "fat": 14, "weight": 75, "portions": 0}}, {"model": "backend.diaryrecord", "pk": 112, "fields": {"name": "Ketchup", "dish": 100, "date": "2025-01-23T16:40:00Z", "calories": 15, "protein": 0, "carbohydrate": 3, "fat": 0, "weight": 13, "portions": 0}}, {"model": "backend.diaryrecord", "pk": 113, "fields": {"name": "Ketchup", "dish": 100, "date": "2025-01-23T16:54:00Z", "calories": 11, "protein": 0, "carbohydrate": 2, "fat": 0, "weight": 10, "portions": 0}}, {"model": "backend.diaryrecord", "pk": 114, "fields": {"name": "Choco pudding", "dish": 115, "date": "2025-01-23T18:48:00Z", "calories": 154, "protein": 20, "carbohydrate": 14, "fat": 4, "weight": 0, "portions": 1}}, {"model": "backend.diaryrecord", "pk": 115, "fields": {"name": "Puff", "dish": 186, "date": "2025-01-23T18:48:00Z", "calories": 36, "protein": 0, "carbohydrate": 7, "fat": 1, "weight": 9, "portions": 1}}, {"model": "backend.diaryrecord", "pk": 116, "fields": {"name": "tortilia with veg and kalkon", "dish": 91, "date": "2025-01-24T08:22:00Z", "calories": 214, "protein": 13, "carbohydrate": 23, "fat": 5, "weight": 0, "portions": 1}}, {"model": "backend.diaryrecord", "pk": 117, "fields": {"name": "Milk", "dish": 44, "date": "2025-01-24T08:22:00Z", "calories": 15, "protein": 1, "carbohydrate": 2, "fat": 1, "weight": 33, "portions": 0}}, {"model": "backend.diaryrecord", "pk": 118, "fields": {"name": "Creame(gradde)", "dish": 15, "date": "2025-01-24T08:22:00Z", "calories": 20, "protein": 0, "carbohydrate": 0, "fat": 2, "weight": 6, "portions": 0}}, {"model": "backend.diaryrecord", "pk": 119, "fields": {"name": "Puff", "dish": 186, "date": "2025-01-24T10:40:00Z", "calories": 60, "protein": 0, "carbohydrate": 11, "fat": 2, "weight": 0, "portions": 1}}, {"model": "backend.diaryrecord", "pk": 120, "fields": {"name": "Choco pudding", "dish": 115, "date": "2025-01-24T11:14:00Z", "calories": 154, "protein": 20, "carbohydrate": 14, "fat": 4, "weight": 0, "portions": 1}}, {"model": "backend.diaryrecord", "pk": 121, "fields": {"name": "Milk", "dish": 44, "date": "2025-01-24T13:09:00Z", "calories": 19, "protein": 2, "carbohydrate": 2, "fat": 1, "weight": 42, "portions": 0}}, {"model": "backend.diaryrecord", "pk": 122, "fields": {"name": "Creame(gradde)", "dish": 15, "date": "2025-01-24T13:12:00Z", "calories": 27, "protein": 0, "carbohydrate": 0, "fat": 3, "weight": 8, "portions": 0}}, {"model": "backend.diaryrecord", "pk": 123, "fields": {"name": "Pizza peperoni", "dish": 47, "date": "2025-01-24T22:00:00Z", "calories": 481, "protein": 20, "carbohydrate": 49, "fat": 22, "weight": 180, "portions": 0}}, {"model": "backend.diaryrecord", "pk": 124, "fields": {"name": "Pizza 4 cheese", "dish": 189, "date": "2025-01-24T22:00:00Z", "calories": 306, "protein": 14, "carbohydrate": 32, "fat": 12, "weight": 120, "portions": 0}}, {"model": "backend.diaryrecord", "pk": 125, "fields": {"name": "Pistachio latte", "dish": 193, "date": "2025-01-25T17:54:00Z", "calories": 320, "protein": 12, "carbohydrate": 48, "fat": 9, "weight": 0, "portions": 1}}, {"model": "backend.diaryrecord", "pk": 127, "fields": {"name": "Pistachio muffin", "dish": 194, "date": "2025-01-25T17:55:00Z", "calories": 370, "protein": 5, "carbohydrate": 47, "fat": 18, "weight": 0, "portions": 1}}, {"model": "backend.diaryrecord", "pk": 129, "fields": {"name": "Pizza 4 cheese", "dish": 189, "date": "2025-01-26T10:06:00Z", "calories": 232, "protein": 11, "carbohydrate": 25, "fat": 9, "weight": 0, "portions": 1}}, {"model": "backend.diaryrecord", "pk": 130, "fields": {"name": "Milk", "dish": 44, "date": "2025-01-26T10:06:00Z", "calories": 14, "protein": 1, "carbohydrate": 2, "fat": 1, "weight": 30, "portions": 0}}, {"model": "backend.diaryrecord", "pk": 131, "fields": {"name": "Creame(gradde)", "dish": 15, "date": "2025-01-26T10:06:00Z", "calories": 27, "protein": 0, "carbohydrate": 0, "fat": 3, "weight": 8, "portions": 0}}, {"model": "backend.diaryrecord", "pk": 132, "fields": {"name": "Milk", "dish": 44, "date": "2025-01-27T09:47:00Z", "calories": 23, "protein": 2, "carbohydrate": 3, "fat": 1, "weight": 50, "portions": 0}}, {"model": "backend.diaryrecord", "pk": 133, "fields": {"name": "Creame(gradde)", "dish": 15, "date": "2025-01-27T09:47:00Z", "calories": 27, "protein": 0, "carbohydrate": 0, "fat": 3, "weight": 8, "portions": 0}}, {"model": "backend.diaryrecord", "pk": 134, "fields": {"name": "Greak youghurt", "dish": 42, "date": "2025-01-27T09:47:00Z", "calories": 54, "protein": 3, "carbohydrate": 4, "fat": 3, "weight": 80, "portions": 0}}, {"model": "backend.diaryrecord", "pk": 135, "fields": {"name": "Granola", "dish": 196, "date": "2025-01-27T09:47:00Z", "calories": 150, "protein": 4, "carbohydrate": 17, "fat": 6, "weight": 36, "portions": 0}}, {"model": "backend.diaryrecord", "pk": 136, "fields": {"name": "Banan cake pressbyran", "dish": 200, "date": "2025-01-27T13:39:00Z", "calories": 323, "protein": 0, "carbohydrate": 0, "fat": 0, "weight": 100, "portions": 1}}, {"model": "backend.diaryrecord", "pk": 137, "fields": {"name": "Creame(gradde)", "dish": 15, "date": "2025-01-27T13:40:00Z", "calories": 37, "protein": 0, "carbohydrate": 0, "fat": 4, "weight": 11, "portions": 1}}, {"model": "backend.diaryrecord", "pk": 138, "fields": {"name": "Banana pudding", "dish": 201, "date": "2025-01-27T13:42:00Z", "calories": 83, "protein": 10, "carbohydrate": 6, "fat": 2, "weight": 100, "portions": 0}}, {"model": "backend.diaryrecord", "pk": 139, "fields": {"name": "Tangarine", "dish": 199, "date": "2025-01-27T13:44:00Z", "calories": 47, "protein": 1, "carbohydrate": 10, "fat": 0, "weight": 123, "portions": 0}}, {"model": "backend.diaryrecord", "pk": 140, "fields": {"name": "Smoked salmon", "dish": 202, "date": "2025-01-27T13:46:00Z", "calories": 26, "protein": 3, "carbohydrate": 0, "fat": 2, "weight": 15, "portions": 0}}, {"model": "backend.diaryrecord", "pk": 141, "fields": {"name": "Tortilia with chichen", "dish": 206, "date": "2025-01-27T17:33:00Z", "calories": 637, "protein": 67, "carbohydrate": 27, "fat": 20, "weight": 670, "portions": 1}}, {"model": "backend.diaryrecord", "pk": 142, "fields": {"name": "Greak youghurt", "dish": 42, "date": "2025-01-28T08:18:00Z", "calories": 54, "protein": 3, "carbohydrate": 4, "fat": 3, "weight": 80, "portions": 0}}, {"model": "backend.diaryrecord", "pk": 143, "fields": {"name": "Milk", "dish": 44, "date": "2025-01-28T08:18:00Z", "calories": 20, "protein": 2, "carbohydrate": 2, "fat": 1, "weight": 45, "portions": 0}}, {"model": "backend.diaryrecord", "pk": 144, "fields": {"name": "Creame(gradde)", "dish": 15, "date": "2025-01-28T08:18:00Z", "calories": 27, "protein": 0, "carbohydrate": 0, "fat": 3, "weight": 8, "portions": 0}}, {"model": "backend.diaryrecord", "pk": 145, "fields": {"name": "Granola", "dish": 196, "date": "2025-01-28T08:18:00Z", "calories": 133, "protein": 4, "carbohydrate": 15, "fat": 5, "weight": 32, "portions": 0}}, {"model": "backend.diaryrecord", "pk": 147, "fields": {"name": "Pomelo", "dish": 208, "date": "2025-01-28T13:15:00Z", "calories": 61, "protein": 2, "carbohydrate": 14, "fat": 0, "weight": 160, "portions": 0}}, {"model": "backend.diaryrecord", "pk": 148, "fields": {"name": "Tortilia with veg and kalkon", "dish": 91, "date": "2025-01-28T13:29:00Z", "calories": 261, "protein": 16, "carbohydrate": 31, "fat": 6, "weight": 0, "portions": 1}}, {"model": "backend.diaryrecord", "pk": 149, "fields": {"name": "Pomelo", "dish": 208, "date": "2025-01-28T13:30:00Z", "calories": 52, "protein": 1, "carbohydrate": 12, "fat": 0, "weight": 136, "portions": 136}}, {"model": "backend.diaryrecord", "pk": 150, "fields": {"name": "Laxfenor smoked", "dish": 203, "date": "2025-01-28T13:31:00Z", "calories": 128, "protein": 15, "carbohydrate": 0, "fat": 7, "weight": 75, "portions": 0}}, {"model": "backend.diaryrecord", "pk": 151, "fields": {"name": "Choco pudding", "dish": 115, "date": "2025-01-28T13:31:00Z", "calories": 77, "protein": 10, "carbohydrate": 7, "fat": 2, "weight": 100, "portions": 1}}, {"model": "backend.diaryrecord", "pk": 152, "fields": {"name": "Baked potato", "dish": 214, "date": "2025-01-28T16:05:00Z", "calories": 216, "protein": 4, "carbohydrate": 32, "fat": 6, "weight": 0, "portions": 1}}, {"model": "backend.diaryrecord", "pk": 153, "fields": {"name": "Philadelfia", "dish": 119, "date": "2025-01-28T16:26:00Z", "calories": 37, "protein": 2, "carbohydrate": 1, "fat": 3, "weight": 25, "portions": 0}}, {"model": "backend.diaryrecord", "pk": 154, "fields": {"name": "Milk slice", "dish": 215, "date": "2025-01-28T17:29:00Z", "calories": 118, "protein": 2, "carbohydrate": 8, "fat": 4, "weight": 0, "portions": 1}}, {"model": "backend.diaryrecord", "pk": 155, "fields": {"name": "Greek youghurt", "dish": 195, "date": "2025-01-29T08:24:00Z", "calories": 54, "protein": 3, "carbohydrate": 4, "fat": 3, "weight": 80, "portions": 0}}, {"model": "backend.diaryrecord", "pk": 156, "fields": {"name": "Granola", "dish": 196, "date": "2025-01-29T08:24:00Z", "calories": 146, "protein": 4, "carbohydrate": 16, "fat": 6, "weight": 35, "portions": 0}}, {"model": "backend.diaryrecord", "pk": 157, "fields": {"name": "Milk", "dish": 44, "date": "2025-01-29T08:25:00Z", "calories": 27, "protein": 2, "carbohydrate": 3, "fat": 1, "weight": 60, "portions": 0}}, {"model": "backend.diaryrecord", "pk": 158, "fields": {"name": "Kaffe creame", "dish": 216, "date": "2025-01-29T08:26:00Z", "calories": 21, "protein": 0, "carbohydrate": 1, "fat": 2, "weight": 15, "portions": 0}}, {"model": "backend.diaryrecord", "pk": 160, "fields": {"name": "Sallad cheese", "dish": 217, "date": "2025-01-29T10:37:00Z", "calories": 103, "protein": 7, "carbohydrate": 1, "fat": 8, "weight": 50, "portions": 0}}, {"model": "backend.diaryrecord", "pk": 161, "fields": {"name": "Milk slice", "dish": 215, "date": "2025-01-29T16:01:00Z", "calories": 118, "protein": 2, "carbohydrate": 8, "fat": 4, "weight": 28, "portions": 0}}, {"model": "backend.diaryrecord", "pk": 162, "fields": {"name": "Smoked salmon", "dish": 202, "date": "2025-01-29T16:54:00Z", "calories": 35, "protein": 4, "carbohydrate": 0, "fat": 2, "weight": 20, "portions": 0}}, {"model": "backend.diaryrecord", "pk": 163, "fields": {"name": "Tangarine", "dish": 199, "date": "2025-01-29T16:54:00Z", "calories": 19, "protein": 1, "carbohydrate": 4, "fat": 0, "weight": 50, "portions": 0}}, {"model": "backend.diaryrecord", "pk": 164, "fields": {"name": "Chebureki", "dish": 218, "date": "2025-01-29T16:58:00Z", "calories": 540, "protein": 34, "carbohydrate": 68, "fat": 14, "weight": 200, "portions": 0}}, {"model": "backend.diaryrecord", "pk": 165, "fields": {"name": "Milk", "dish": 44, "date": "2025-01-30T10:26:00Z", "calories": 27, "protein": 2, "carbohydrate": 3, "fat": 1, "weight": 60, "portions": 0}}, {"model": "backend.diaryrecord", "pk": 166, "fields": {"name": "Creame(gradde)", "dish": 15, "date": "2025-01-30T10:26:00Z", "calories": 37, "protein": 0, "carbohydrate": 0, "fat": 4, "weight": 11, "portions": 0}}, {"model": "backend.diaryrecord", "pk": 167, "fields": {"name": "Greek youghurt", "dish": 195, "date": "2025-01-30T10:26:00Z", "calories": 54, "protein": 3, "carbohydrate": 4, "fat": 3, "weight": 80, "portions": 0}}, {"model": "backend.diaryrecord", "pk": 168, "fields": {"name": "Granola", "dish": 196, "date": "2025-01-30T10:26:00Z", "calories": 146, "protein": 4, "carbohydrate": 16, "fat": 6, "weight": 35, "portions": 0}}, {"model": "backend.diaryrecord", "pk": 169, "fields": {"name": "Kosichka", "dish": 59, "date": "2025-01-30T10:26:00Z", "calories": 70, "protein": 4, "carbohydrate": 0, "fat": 6, "weight": 22, "portions": 0}}, {"model": "backend.diaryrecord", "pk": 170, "fields": {"name": "Tangarine", "dish": 199, "date": "2025-01-30T11:37:00Z", "calories": 23, "protein": 1, "carbohydrate": 5, "fat": 0, "weight": 60, "portions": 0}}, {"model": "backend.diaryrecord", "pk": 171, "fields": {"name": "Tangarine", "dish": 199, "date": "2025-01-30T12:01:00Z", "calories": 19, "protein": 1, "carbohydrate": 4, "fat": 0, "weight": 50, "portions": 0}}, {"model": "backend.diaryrecord", "pk": 172, "fields": {"name": "Tortilia with veg and kalkon", "dish": 91, "date": "2025-01-30T13:18:00Z", "calories": 269, "protein": 17, "carbohydrate": 32, "fat": 6, "weight": 210, "portions": 0}}, {"model": "backend.diaryrecord", "pk": 173, "fields": {"name": "Puff", "dish": 186, "date": "2025-01-30T15:04:00Z", "calories": 28, "protein": 0, "carbohydrate": 5, "fat": 1, "weight": 7, "portions": 0}}, {"model": "backend.diaryrecord", "pk": 174, "fields": {"name": "Potato sticks", "dish": 172, "date": "2025-01-30T18:29:00Z", "calories": 160, "protein": 3, "carbohydrate": 25, "fat": 5, "weight": 100, "portions": 0}}, {"model": "backend.diaryrecord", "pk": 175, "fields": {"name": "Chicken sticks", "dish": 176, "date": "2025-01-30T18:29:00Z", "calories": 216, "protein": 10, "carbohydrate": 11, "fat": 14, "weight": 80, "portions": 0}}, {"model": "backend.diaryrecord", "pk": 176, "fields": {"name": "Ketchup", "dish": 100, "date": "2025-01-30T18:30:00Z", "calories": 22, "protein": 0, "carbohydrate": 5, "fat": 0, "weight": 20, "portions": 0}}, {"model": "backend.diaryrecord", "pk": 177, "fields": {"name": "Fin crisp", "dish": 219, "date": "2025-01-30T18:32:00Z", "calories": 119, "protein": 3, "carbohydrate": 15, "fat": 4, "weight": 0, "portions": 1}}, {"model": "backend.diaryrecord", "pk": 178, "fields": {"name": "Milk", "dish": 44, "date": "2025-01-31T08:41:00Z", "calories": 20, "protein": 2, "carbohydrate": 2, "fat": 1, "weight": 45, "portions": 0}}, {"model": "backend.diaryrecord", "pk": 179, "fields": {"name": "Creame(gradde)", "dish": 15, "date": "2025-01-31T08:41:00Z", "calories": 27, "protein": 0, "carbohydrate": 0, "fat": 3, "weight": 8, "portions": 0}}, {"model": "backend.diaryrecord", "pk": 180, "fields": {"name": "Tortilia with veg and kalkon", "dish": 91, "date": "2025-01-31T08:41:00Z", "calories": 261, "protein": 16, "carbohydrate": 31, "fat": 6, "weight": 0, "portions": 1}}, {"model": "backend.diaryrecord", "pk": 181, "fields": {"name": "Boba", "dish": 220, "date": "2025-01-31T09:41:00Z", "calories": 134, "protein": 0, "carbohydrate": 33, "fat": 0, "weight": 0, "portions": 1}}, {"model": "backend.diaryrecord", "pk": 182, "fields": {"name": "Milk", "dish": 44, "date": "2025-01-31T09:41:00Z", "calories": 68, "protein": 6, "carbohydrate": 8, "fat": 3, "weight": 150, "portions": 0}}, {"model": "backend.diaryrecord", "pk": 183, "fields": {"name": "Boloniese sause", "dish": 221, "date": "2025-01-31T15:58:00Z", "calories": 194, "protein": 10, "carbohydrate": 8, "fat": 13, "weight": 112, "portions": 0}}, {"model": "backend.diaryrecord", "pk": 184, "fields": {"name": "Pasta t", "dish": 222, "date": "2025-01-31T15:59:00Z", "calories": 197, "protein": 7, "carbohydrate": 39, "fat": 1, "weight": 55, "portions": 0}}, {"model": "backend.diaryrecord", "pk": 185, "fields": {"name": "Salted caramel", "dish": 223, "date": "2025-01-31T16:20:00Z", "calories": 156, "protein": 20, "carbohydrate": 12, "fat": 4, "weight": 0, "portions": 1}}, {"model": "backend.diaryrecord", "pk": 186, "fields": {"name": "Smoked salmon", "dish": 202, "date": "2025-01-31T21:16:00Z", "calories": 35, "protein": 4, "carbohydrate": 0, "fat": 2, "weight": 20, "portions": 0}}, {"model": "backend.diaryrecord", "pk": 187, "fields": {"name": "Choco with nut", "dish": 224, "date": "2025-01-31T21:19:00Z", "calories": 46, "protein": 1, "carbohydrate": 4, "fat": 3, "weight": 8, "portions": 1}}, {"model": "backend.diaryrecord", "pk": 188, "fields": {"name": "Sunflower", "dish": 114, "date": "2025-01-31T21:20:00Z", "calories": 165, "protein": 6, "carbohydrate": 1, "fat": 6, "weight": 0, "portions": 1}}, {"model": "backend.diaryrecord", "pk": 189, "fields": {"name": "Tortilia with veg and kalkon", "dish": 91, "date": "2025-02-01T15:35:00Z", "calories": 261, "protein": 16, "carbohydrate": 31, "fat": 6, "weight": 0, "portions": 1}}, {"model": "backend.diaryrecord", "pk": 190, "fields": {"name": "Tiramisu", "dish": 225, "date": "2025-02-01T15:36:00Z", "calories": 225, "protein": 6, "carbohydrate": 21, "fat": 10, "weight": 100, "portions": 0}}, {"model": "backend.diaryrecord", "pk": 191, "fields": {"name": "Pistachio latte", "dish": 193, "date": "2025-02-02T18:07:00Z", "calories": 640, "protein": 24, "carbohydrate": 96, "fat": 18, "weight": 0, "portions": 2}}, {"model": "backend.diaryrecord", "pk": 192, "fields": {"name": "Shauerma", "dish": 230, "date": "2025-02-02T18:07:00Z", "calories": 605, "protein": 42, "carbohydrate": 63, "fat": 21, "weight": 0, "portions": 1}}, {"model": "backend.diaryrecord", "pk": 193, "fields": {"name": "Feta ost", "dish": 232, "date": "2025-02-03T12:00:00Z", "calories": 109, "protein": 7, "carbohydrate": 1, "fat": 8, "weight": 53, "portions": 0}}, {"model": "backend.diaryrecord", "pk": 194, "fields": {"name": "Greek youghurt with granola", "dish": 233, "date": "2025-02-03T12:02:00Z", "calories": 237, "protein": 9, "carbohydrate": 24, "fat": 9, "weight": 0, "portions": 1}}, {"model": "backend.diaryrecord", "pk": 195, "fields": {"name": "Creame 15%", "dish": 234, "date": "2025-02-03T13:29:00Z", "calories": 15, "protein": 0, "carbohydrate": 0, "fat": 1, "weight": 10, "portions": 0}}, {"model": "backend.diaryrecord", "pk": 196, "fields": {"name": "Milk", "dish": 44, "date": "2025-02-03T13:29:00Z", "calories": 18, "protein": 2, "carbohydrate": 2, "fat": 1, "weight": 40, "portions": 0}}, {"model": "backend.diaryrecord", "pk": 197, "fields": {"name": "Shauerma", "dish": 230, "date": "2025-02-03T13:29:00Z", "calories": 605, "protein": 42, "carbohydrate": 63, "fat": 21, "weight": 0, "portions": 1}}, {"model": "backend.diaryrecord", "pk": 198, "fields": {"name": "Tuna", "dish": 235, "date": "2025-02-03T15:04:00Z", "calories": 56, "protein": 13, "carbohydrate": 0, "fat": 1, "weight": 53, "portions": 0}}, {"model": "backend.diaryrecord", "pk": 199, "fields": {"name": "Tiramisu", "dish": 225, "date": "2025-02-03T15:05:00Z", "calories": 169, "protein": 5, "carbohydrate": 16, "fat": 8, "weight": 75, "portions": 0}}, {"model": "backend.diaryrecord", "pk": 200, "fields": {"name": "Kosichka", "dish": 59, "date": "2025-02-03T19:10:00Z", "calories": 19, "protein": 1, "carbohydrate": 0, "fat": 2, "weight": 6, "portions": 0}}, {"model": "backend.diaryrecord", "pk": 201, "fields": {"name": "Choco with nut", "dish": 224, "date": "2025-02-03T19:11:00Z", "calories": 86, "protein": 1, "carbohydrate": 7, "fat": 6, "weight": 15, "portions": 0}}, {"model": "backend.diaryrecord", "pk": 202, "fields": {"name": "Tortilia with veg and kalkon", "dish": 91, "date": "2025-02-04T11:16:00Z", "calories": 261, "protein": 16, "carbohydrate": 31, "fat": 6, "weight": 0, "portions": 1}}, {"model": "backend.diaryrecord", "pk": 203, "fields": {"name": "Milk", "dish": 44, "date": "2025-02-04T11:16:00Z", "calories": 19, "protein": 2, "carbohydrate": 2, "fat": 1, "weight": 0, "portions": 43}}, {"model": "backend.diaryrecord", "pk": 204, "fields": {"name": "Creame 15%", "dish": 234, "date": "2025-02-04T11:16:00Z", "calories": 14, "protein": 0, "carbohydrate": 0, "fat": 1, "weight": 9, "portions": 9}}, {"model": "backend.diaryrecord", "pk": 205, "fields": {"name": "Tangarine", "dish": 199, "date": "2025-02-04T12:20:00Z", "calories": 11, "protein": 0, "carbohydrate": 2, "fat": 0, "weight": 30, "portions": 0}}, {"model": "backend.diaryrecord", "pk": 206, "fields": {"name": "Crab paste", "dish": 123, "date": "2025-02-04T12:45:00Z", "calories": 42, "protein": 1, "carbohydrate": 1, "fat": 4, "weight": 12, "portions": 0}}, {"model": "backend.diaryrecord", "pk": 207, "fields": {"name": "Tortilia", "dish": 51, "date": "2025-02-04T12:45:00Z", "calories": 60, "protein": 2, "carbohydrate": 11, "fat": 1, "weight": 20, "portions": 0}}, {"model": "backend.diaryrecord", "pk": 208, "fields": {"name": "Potato", "dish": 236, "date": "2025-02-04T14:10:00Z", "calories": 160, "protein": 4, "carbohydrate": 33, "fat": 0, "weight": 195, "portions": 0}}, {"model": "backend.diaryrecord", "pk": 213, "fields": {"name": "Chicken sticks", "dish": 176, "date": "2025-02-04T14:47:00Z", "calories": 149, "protein": 7, "carbohydrate": 8, "fat": 10, "weight": 55, "portions": 0}}, {"model": "backend.diaryrecord", "pk": 214, "fields": {"name": "Oil", "dish": 24, "date": "2025-02-04T15:05:00Z", "calories": 25, "protein": 0, "carbohydrate": 0, "fat": 3, "weight": 3, "portions": 0}}, {"model": "backend.diaryrecord", "pk": 215, "fields": {"name": "Ceaser sause", "dish": 231, "date": "2025-02-04T15:23:00Z", "calories": 30, "protein": 0, "carbohydrate": 0, "fat": 3, "weight": 12, "portions": 0}}, {"model": "backend.diaryrecord", "pk": 216, "fields": {"name": "Champinions with phila and kalkon", "dish": 237, "date": "2025-02-04T15:23:00Z", "calories": 78, "protein": 6, "carbohydrate": 2, "fat": 4, "weight": 100, "portions": 0}}, {"model": "backend.diaryrecord", "pk": 217, "fields": {"name": "Champinions with phila and kalkon", "dish": 237, "date": "2025-02-04T17:04:00Z", "calories": 39, "protein": 3, "carbohydrate": 1, "fat": 2, "weight": 50, "portions": 0}}, {"model": "backend.diaryrecord", "pk": 218, "fields": {"name": "Choco with nut", "dish": 224, "date": "2025-02-04T17:09:00Z", "calories": 40, "protein": 0, "carbohydrate": 3, "fat": 3, "weight": 7, "portions": 0}}, {"model": "backend.diaryrecord", "pk": 219, "fields": {"name": "Profeel", "dish": 238, "date": "2025-02-04T17:11:00Z", "calories": 153, "protein": 20, "carbohydrate": 11, "fat": 4, "weight": 0, "portions": 1}}, {"model": "backend.diaryrecord", "pk": 220, "fields": {"name": "Milk", "dish": 44, "date": "2025-02-04T17:26:00Z", "calories": 18, "protein": 2, "carbohydrate": 2, "fat": 1, "weight": 40, "portions": 0}}, {"model": "backend.diaryrecord", "pk": 221, "fields": {"name": "Creame 15%", "dish": 234, "date": "2025-02-04T17:26:00Z", "calories": 15, "protein": 0, "carbohydrate": 0, "fat": 1, "weight": 10, "portions": 0}}, {"model": "backend.diaryrecord", "pk": 222, "fields": {"name": "Tiramisu", "dish": 225, "date": "2025-02-04T17:26:00Z", "calories": 158, "protein": 4, "carbohydrate": 15, "fat": 7, "weight": 70, "portions": 0}}, {"model": "backend.diaryrecord", "pk": 223, "fields": {"name": "Milk", "dish": 44, "date": "2025-02-10T13:20:00Z", "calories": 20, "protein": 2, "carbohydrate": 2, "fat": 1, "weight": 45, "portions": 0}}, {"model": "backend.diaryrecord", "pk": 224, "fields": {"name": "Creame 15%", "dish": 234, "date": "2025-02-10T13:20:00Z", "calories": 30, "protein": 1, "carbohydrate": 1, "fat": 3, "weight": 20, "portions": 0}}, {"model": "backend.diaryrecord", "pk": 225, "fields": {"name": "Greek youghurt with granola", "dish": 233, "date": "2025-02-10T13:21:00Z", "calories": 237, "protein": 9, "carbohydrate": 24, "fat": 9, "weight": 0, "portions": 1}}, {"model": "backend.diaryrecord", "pk": 226, "fields": {"name": "Tortilia with veg and kalkon", "dish": 91, "date": "2025-02-10T13:21:00Z", "calories": 261, "protein": 16, "carbohydrate": 31, "fat": 6, "weight": 0, "portions": 1}}, {"model": "backend.diaryrecord", "pk": 227, "fields": {"name": "Kosichka", "dish": 59, "date": "2025-02-10T13:21:00Z", "calories": 86, "protein": 5, "carbohydrate": 1, "fat": 7, "weight": 27, "portions": 0}}, {"model": "backend.diaryrecord", "pk": 228, "fields": {"name": "Milk", "dish": 44, "date": "2025-02-10T13:36:00Z", "calories": 17, "protein": 2, "carbohydrate": 2, "fat": 1, "weight": 38, "portions": 0}}, {"model": "backend.diaryrecord", "pk": 229, "fields": {"name": "Creame 15%", "dish": 234, "date": "2025-02-10T13:36:00Z", "calories": 21, "protein": 0, "carbohydrate": 1, "fat": 2, "weight": 14, "portions": 0}}, {"model": "backend.diaryrecord", "pk": 230, "fields": {"name": "Choco with nut", "dish": 224, "date": "2025-02-10T13:54:00Z", "calories": 29, "protein": 0, "carbohydrate": 2, "fat": 2, "weight": 5, "portions": 0}}, {"model": "backend.diaryrecord", "pk": 231, "fields": {"name": "Noodles carbonara", "dish": 164, "date": "2025-02-10T16:50:00Z", "calories": 303, "protein": 7, "carbohydrate": 43, "fat": 12, "weight": 170, "portions": 0}}, {"model": "backend.diaryrecord", "pk": 232, "fields": {"name": "Pomelo", "dish": 208, "date": "2025-02-10T17:20:00Z", "calories": 99, "protein": 3, "carbohydrate": 23, "fat": 0, "weight": 260, "portions": 0}}, {"model": "backend.diaryrecord", "pk": 233, "fields": {"name": "Smoked salmon", "dish": 202, "date": "2025-02-10T18:44:00Z", "calories": 29, "protein": 3, "carbohydrate": 0, "fat": 2, "weight": 17, "portions": 0}}, {"model": "backend.diaryrecord", "pk": 234, "fields": {"name": "Knoppers", "dish": 239, "date": "2025-02-10T18:45:00Z", "calories": 104, "protein": 1, "carbohydrate": 11, "fat": 6, "weight": 20, "portions": 0}}, {"model": "backend.diaryrecord", "pk": 235, "fields": {"name": "Choco with nut", "dish": 224, "date": "2025-02-10T18:48:00Z", "calories": 40, "protein": 0, "carbohydrate": 3, "fat": 3, "weight": 7, "portions": 0}}, {"model": "backend.diaryrecord", "pk": 236, "fields": {"name": "Hippo", "dish": 240, "date": "2025-02-10T18:50:00Z", "calories": 42, "protein": 0, "carbohydrate": 4, "fat": 3, "weight": 7, "portions": 0}}, {"model": "backend.diaryrecord", "pk": 237, "fields": {"name": "Milk", "dish": 44, "date": "2025-02-11T09:57:00Z", "calories": 18, "protein": 2, "carbohydrate": 2, "fat": 1, "weight": 40, "portions": 0}}, {"model": "backend.diaryrecord", "pk": 238, "fields": {"name": "Creame 15%", "dish": 234, "date": "2025-02-11T09:57:00Z", "calories": 23, "protein": 0, "carbohydrate": 1, "fat": 2, "weight": 15, "portions": 0}}, {"model": "backend.diaryrecord", "pk": 239, "fields": {"name": "Tortilia with veg and kalkon", "dish": 91, "date": "2025-02-11T09:57:00Z", "calories": 261, "protein": 16, "carbohydrate": 31, "fat": 6, "weight": 0, "portions": 1}}, {"model": "backend.diaryrecord", "pk": 240, "fields": {"name": "Pomelo", "dish": 208, "date": "2025-02-11T10:28:00Z", "calories": 91, "protein": 2, "carbohydrate": 22, "fat": 0, "weight": 240, "portions": 0}}, {"model": "backend.diaryrecord", "pk": 241, "fields": {"name": "Sea shell chocholate", "dish": 241, "date": "2025-02-11T11:28:00Z", "calories": 70, "protein": 1, "carbohydrate": 8, "fat": 4, "weight": 0, "portions": 1}}, {"model": "backend.diaryrecord", "pk": 242, "fields": {"name": "Profeel chocholate", "dish": 238, "date": "2025-02-11T11:30:00Z", "calories": 153, "protein": 20, "carbohydrate": 11, "fat": 4, "weight": 0, "portions": 1}}, {"model": "backend.diaryrecord", "pk": 243, "fields": {"name": "Dried shrimp", "dish": 242, "date": "2025-02-11T13:24:00Z", "calories": 94, "protein": 23, "carbohydrate": 1, "fat": 1, "weight": 50, "portions": 0}}, {"model": "backend.diaryrecord", "pk": 244, "fields": {"name": "Potato with gribi", "dish": 244, "date": "2025-02-11T17:12:00Z", "calories": 210, "protein": 5, "carbohydrate": 40, "fat": 0, "weight": 250, "portions": 0}}, {"model": "backend.diaryrecord", "pk": 245, "fields": {"name": "My sallad", "dish": 245, "date": "2025-02-11T17:12:00Z", "calories": 154, "protein": 8, "carbohydrate": 14, "fat": 8, "weight": 200, "portions": 0}}, {"model": "backend.diaryrecord", "pk": 246, "fields": {"name": "Hippo", "dish": 240, "date": "2025-02-11T21:29:00Z", "calories": 95, "protein": 1, "carbohydrate": 9, "fat": 6, "weight": 16, "portions": 0}}, {"model": "backend.diaryrecord", "pk": 247, "fields": {"name": "Sunflower", "dish": 114, "date": "2025-02-11T21:29:00Z", "calories": 132, "protein": 5, "carbohydrate": 1, "fat": 5, "weight": 20, "portions": 0}}, {"model": "backend.diaryrecord", "pk": 248, "fields": {"name": "Greek youghurt with granola", "dish": 233, "date": "2025-02-12T08:21:00Z", "calories": 237, "protein": 9, "carbohydrate": 24, "fat": 9, "weight": 0, "portions": 1}}, {"model": "backend.diaryrecord", "pk": 254, "fields": {"name": "Milk", "dish": 44, "date": "2025-02-12T10:05:00Z", "calories": 27, "protein": 2, "carbohydrate": 3, "fat": 1, "weight": 60, "portions": 0}}, {"model": "backend.diaryrecord", "pk": 255, "fields": {"name": "Potato with gribi", "dish": 244, "date": "2025-02-12T10:06:00Z", "calories": 231, "protein": 6, "carbohydrate": 44, "fat": 0, "weight": 275, "portions": 0}}, {"model": "backend.diaryrecord", "pk": 256, "fields": {"name": "My sallad", "dish": 245, "date": "2025-02-12T10:06:00Z", "calories": 166, "protein": 9, "carbohydrate": 15, "fat": 9, "weight": 215, "portions": 0}}, {"model": "backend.diaryrecord", "pk": 257, "fields": {"name": "Pomelo", "dish": 208, "date": "2025-02-12T10:46:00Z", "calories": 42, "protein": 1, "carbohydrate": 10, "fat": 0, "weight": 110, "portions": 0}}, {"model": "backend.diaryrecord", "pk": 259, "fields": {"name": "Puff", "dish": 186, "date": "2025-02-12T16:06:00Z", "calories": 28, "protein": 0, "carbohydrate": 5, "fat": 1, "weight": 7, "portions": 0}}, {"model": "backend.diaryrecord", "pk": 260, "fields": {"name": "Choco with nut", "dish": 224, "date": "2025-02-12T16:06:00Z", "calories": 40, "protein": 0, "carbohydrate": 3, "fat": 3, "weight": 7, "portions": 0}}, {"model": "backend.diaryrecord", "pk": 261, "fields": {"name": "Chips", "dish": 247, "date": "2025-02-12T17:03:00Z", "calories": 159, "protein": 2, "carbohydrate": 14, "fat": 10, "weight": 0, "portions": 1}}, {"model": "backend.diaryrecord", "pk": 262, "fields": {"name": "Banan", "dish": 248, "date": "2025-02-12T18:06:00Z", "calories": 62, "protein": 1, "carbohydrate": 16, "fat": 0, "weight": 70, "portions": 0}}, {"model": "backend.diaryrecord", "pk": 263, "fields": {"name": "Smoked salmon", "dish": 202, "date": "2025-02-12T18:06:00Z", "calories": 67, "protein": 8, "carbohydrate": 0, "fat": 4, "weight": 39, "portions": 0}}, {"model": "backend.diaryrecord", "pk": 264, "fields": {"name": "Banan", "dish": 248, "date": "2025-02-12T18:13:00Z", "calories": 67, "protein": 1, "carbohydrate": 17, "fat": 0, "weight": 75, "portions": 0}}, {"model": "backend.diaryrecord", "pk": 265, "fields": {"name": "Milk chokolate", "dish": 249, "date": "2025-02-12T18:16:00Z", "calories": 71, "protein": 1, "carbohydrate": 8, "fat": 4, "weight": 13, "portions": 0}}, {"model": "backend.diaryrecord", "pk": 266, "fields": {"name": "Tortilia with tworog and chesee", "dish": 252, "date": "2025-02-13T08:27:00Z", "calories": 304, "protein": 24, "carbohydrate": 29, "fat": 10, "weight": 160, "portions": 0}}, {"model": "backend.diaryrecord", "pk": 268, "fields": {"name": "Milk", "dish": 44, "date": "2025-02-13T09:48:00Z", "calories": 32, "protein": 3, "carbohydrate": 4, "fat": 1, "weight": 0, "portions": 70}}, {"model": "backend.diaryrecord", "pk": 269, "fields": {"name": "Pomelo", "dish": 208, "date": "2025-02-13T10:40:00Z", "calories": 83, "protein": 2, "carbohydrate": 20, "fat": 0, "weight": 218, "portions": 1}}, {"model": "token_blacklist.outstandingtoken", "pk": 1, "fields": {"user": 2, "jti": "ea2890a15b374e21aff544cb97e71657", "token": "eyJhbGciOiJIUzI1NiIsInR5cCI6IkpXVCJ9.eyJ0b2tlbl90eXBlIjoicmVmcmVzaCIsImV4cCI6MTc0MzUwMDEwNSwiaWF0IjoxNzM5MTgwMTA1LCJqdGkiOiJlYTI4OTBhMTViMzc0ZTIxYWZmNTQ0Y2I5N2U3MTY1NyIsInVzZXJfaWQiOjJ9.cQgJawBHh3VWxl1MZ904Yf2v8Cgm4L8cxHsx-l2w394", "created_at": "2025-02-10T14:43:53.942Z", "expires_at": "2025-04-01T09:35:05Z"}}, {"model": "token_blacklist.outstandingtoken", "pk": 2, "fields": {"user": 2, "jti": "4f2208b42f0b49f58349784f2b7a8ff5", "token": "eyJhbGciOiJIUzI1NiIsInR5cCI6IkpXVCJ9.eyJ0b2tlbl90eXBlIjoicmVmcmVzaCIsImV4cCI6MTc0MzUxODcxMiwiaWF0IjoxNzM5MTk4NzEyLCJqdGkiOiI0ZjIyMDhiNDJmMGI0OWY1ODM0OTc4NGYyYjdhOGZmNSIsInVzZXJfaWQiOjJ9.9Sbqgeo6pdTt3qzMuNhNeSr5Mr4FxIG-uq5cHF1elDQ", "created_at": "2025-02-10T14:45:12.514Z", "expires_at": "2025-04-01T14:45:12Z"}}, {"model": "token_blacklist.outstandingtoken", "pk": 3, "fields": {"user": 2, "jti": "3081b3badc9741f9b872655669d9b46f", "token": "eyJhbGciOiJIUzI1NiIsInR5cCI6IkpXVCJ9.eyJ0b2tlbl90eXBlIjoicmVmcmVzaCIsImV4cCI6MTc0MzUxODc0MSwiaWF0IjoxNzM5MTk4NzQxLCJqdGkiOiIzMDgxYjNiYWRjOTc0MWY5Yjg3MjY1NTY2OWQ5YjQ2ZiIsInVzZXJfaWQiOjJ9.gzfo4cmVZPcw7o-NMPgOZFaEa4yXKSJ6pHupCyJokjM", "created_at": "2025-02-10T14:45:41.708Z", "expires_at": "2025-04-01T14:45:41Z"}}, {"model": "token_blacklist.outstandingtoken", "pk": 4, "fields": {"user": 2, "jti": "b6d40bdcd2764fabab17f5ecc4468bcc", "token": "eyJhbGciOiJIUzI1NiIsInR5cCI6IkpXVCJ9.eyJ0b2tlbl90eXBlIjoicmVmcmVzaCIsImV4cCI6MTc0MzUxODc4OSwiaWF0IjoxNzM5MTk4Nzg5LCJqdGkiOiJiNmQ0MGJkY2QyNzY0ZmFiYWIxN2Y1ZWNjNDQ2OGJjYyIsInVzZXJfaWQiOjJ9.gXdFmdmBRAcI5RDaeurKyWRuWR3WKVu9d2C4tGuvGZ4", "created_at": "2025-02-10T14:46:29.516Z", "expires_at": "2025-04-01T14:46:29Z"}}, {"model": "token_blacklist.outstandingtoken", "pk": 5, "fields": {"user": 2, "jti": "0a306c1726e2421c89aa7e099df64c37", "token": "eyJhbGciOiJIUzI1NiIsInR5cCI6IkpXVCJ9.eyJ0b2tlbl90eXBlIjoicmVmcmVzaCIsImV4cCI6MTc0MzUxODg3MCwiaWF0IjoxNzM5MTk4ODcwLCJqdGkiOiIwYTMwNmMxNzI2ZTI0MjFjODlhYTdlMDk5ZGY2NGMzNyIsInVzZXJfaWQiOjJ9.t0TjkTHQSM40_i713yy7f34v0bZQKW6hgGifUs_OImE", "created_at": "2025-02-10T14:47:50.250Z", "expires_at": "2025-04-01T14:47:50Z"}}, {"model": "token_blacklist.outstandingtoken", "pk": 6, "fields": {"user": 2, "jti": "0ac9fbef93d34e88a78e8cb2404b9bac", "token": "eyJhbGciOiJIUzI1NiIsInR5cCI6IkpXVCJ9.eyJ0b2tlbl90eXBlIjoicmVmcmVzaCIsImV4cCI6MTc0MzUxOTA1MCwiaWF0IjoxNzM5MTk5MDUwLCJqdGkiOiIwYWM5ZmJlZjkzZDM0ZTg4YTc4ZThjYjI0MDRiOWJhYyIsInVzZXJfaWQiOjJ9.3MNLRXrVUN7A3K6Vg1Wl2EFeSKL9phen_k0O9GzWk-0", "created_at": "2025-02-10T14:50:50.331Z", "expires_at": "2025-04-01T14:50:50Z"}}, {"model": "token_blacklist.outstandingtoken", "pk": 7, "fields": {"user": 2, "jti": "5ab0044ea2974263adf90e4e6376688e", "token": "eyJhbGciOiJIUzI1NiIsInR5cCI6IkpXVCJ9.eyJ0b2tlbl90eXBlIjoicmVmcmVzaCIsImV4cCI6MTc0MzUxOTA5MiwiaWF0IjoxNzM5MTk5MDkyLCJqdGkiOiI1YWIwMDQ0ZWEyOTc0MjYzYWRmOTBlNGU2Mzc2Njg4ZSIsInVzZXJfaWQiOjJ9.IYe30sQMdO-H85D7BUWNYH1Nld0UbuAWcFkUxDiKyfQ", "created_at": "2025-02-10T14:51:32.378Z", "expires_at": "2025-04-01T14:51:32Z"}}, {"model": "token_blacklist.outstandingtoken", "pk": 8, "fields": {"user": 2, "jti": "a8ce4018e457437c813fcb7ab7400c64", "token": "eyJhbGciOiJIUzI1NiIsInR5cCI6IkpXVCJ9.eyJ0b2tlbl90eXBlIjoicmVmcmVzaCIsImV4cCI6MTc0MzUxOTE3NCwiaWF0IjoxNzM5MTk5MTc0LCJqdGkiOiJhOGNlNDAxOGU0NTc0MzdjODEzZmNiN2FiNzQwMGM2NCIsInVzZXJfaWQiOjJ9.3Gu2PE0rYj2O1prdzS0ZzdR6lFZgssM0TkG6jSCSsA8", "created_at": "2025-02-10T14:52:54.888Z", "expires_at": "2025-04-01T14:52:54Z"}}, {"model": "token_blacklist.outstandingtoken", "pk": 9, "fields": {"user": 2, "jti": "08ae64642a1149f29ff91c93ea4d7e86", "token": "eyJhbGciOiJIUzI1NiIsInR5cCI6IkpXVCJ9.eyJ0b2tlbl90eXBlIjoicmVmcmVzaCIsImV4cCI6MTc0MzUxOTU1NywiaWF0IjoxNzM5MTk5NTU3LCJqdGkiOiIwOGFlNjQ2NDJhMTE0OWYyOWZmOTFjOTNlYTRkN2U4NiIsInVzZXJfaWQiOjJ9.eWHKRlSXArgIHc4avOvjhesg-RsJdN5mrBxZwY_V97E", "created_at": "2025-02-10T14:59:17.690Z", "expires_at": "2025-04-01T14:59:17Z"}}, {"model": "token_blacklist.outstandingtoken", "pk": 10, "fields": {"user": 2, "jti": "4eb24f577c164d8f9b8461dfb66ddd09", "token": "eyJhbGciOiJIUzI1NiIsInR5cCI6IkpXVCJ9.eyJ0b2tlbl90eXBlIjoicmVmcmVzaCIsImV4cCI6MTc0MzUxOTc2MSwiaWF0IjoxNzM5MTk5NzYxLCJqdGkiOiI0ZWIyNGY1NzdjMTY0ZDhmOWI4NDYxZGZiNjZkZGQwOSIsInVzZXJfaWQiOjJ9.YnD061znMhFF4w0eO7NuKulnuFmVhG0KD5lsNLrup6c", "created_at": "2025-02-10T15:02:41.222Z", "expires_at": "2025-04-01T15:02:41Z"}}, {"model": "token_blacklist.outstandingtoken", "pk": 11, "fields": {"user": 2, "jti": "251b7b5dc18e4cf4b3c9ae9ad79fd6e5", "token": "eyJhbGciOiJIUzI1NiIsInR5cCI6IkpXVCJ9.eyJ0b2tlbl90eXBlIjoicmVmcmVzaCIsImV4cCI6MTc0MzUxOTc3NSwiaWF0IjoxNzM5MTk5Nzc1LCJqdGkiOiIyNTFiN2I1ZGMxOGU0Y2Y0YjNjOWFlOWFkNzlmZDZlNSIsInVzZXJfaWQiOjJ9.4JhUq1z3RfRrLwhhpjMm5izHwIUb2p8EywhXFMAYXLg", "created_at": "2025-02-10T15:02:55.093Z", "expires_at": "2025-04-01T15:02:55Z"}}, {"model": "token_blacklist.outstandingtoken", "pk": 12, "fields": {"user": 2, "jti": "5e1bb1416a7b452cb21f00489572cb12", "token": "eyJhbGciOiJIUzI1NiIsInR5cCI6IkpXVCJ9.eyJ0b2tlbl90eXBlIjoicmVmcmVzaCIsImV4cCI6MTc0MzUxOTkyNSwiaWF0IjoxNzM5MTk5OTI1LCJqdGkiOiI1ZTFiYjE0MTZhN2I0NTJjYjIxZjAwNDg5NTcyY2IxMiIsInVzZXJfaWQiOjJ9.j-CvoV7flFhJvpX9KjzA7e-ufgR6qTUr7wA2F6JE8ZY", "created_at": "2025-02-10T15:05:25.289Z", "expires_at": "2025-04-01T15:05:25Z"}}, {"model": "token_blacklist.outstandingtoken", "pk": 13, "fields": {"user": 2, "jti": "ef5a09c27b6649a49f16f792cf898312", "token": "eyJhbGciOiJIUzI1NiIsInR5cCI6IkpXVCJ9.eyJ0b2tlbl90eXBlIjoicmVmcmVzaCIsImV4cCI6MTc0MzUxOTkzNSwiaWF0IjoxNzM5MTk5OTM1LCJqdGkiOiJlZjVhMDljMjdiNjY0OWE0OWYxNmY3OTJjZjg5ODMxMiIsInVzZXJfaWQiOjJ9.dRoavDHsvAEdzvtPn8FoZG1N1GlFbsm6cRM2wo6IKHo", "created_at": "2025-02-10T15:05:35.948Z", "expires_at": "2025-04-01T15:05:35Z"}}, {"model": "token_blacklist.outstandingtoken", "pk": 14, "fields": {"user": 2, "jti": "5ad70a35546448e8a9af20ee32800bc7", "token": "eyJhbGciOiJIUzI1NiIsInR5cCI6IkpXVCJ9.eyJ0b2tlbl90eXBlIjoicmVmcmVzaCIsImV4cCI6MTc0MzUxOTk2NywiaWF0IjoxNzM5MTk5OTY3LCJqdGkiOiI1YWQ3MGEzNTU0NjQ0OGU4YTlhZjIwZWUzMjgwMGJjNyIsInVzZXJfaWQiOjJ9.ThZVVt50EWsIKDF8_RyXV6nYlzyTCdFnPsNqDsbTSWw", "created_at": "2025-02-10T15:06:07.230Z", "expires_at": "2025-04-01T15:06:07Z"}}, {"model": "token_blacklist.outstandingtoken", "pk": 15, "fields": {"user": 2, "jti": "be3b3a84ffee4def859e4bf9d2545cca", "token": "eyJhbGciOiJIUzI1NiIsInR5cCI6IkpXVCJ9.eyJ0b2tlbl90eXBlIjoicmVmcmVzaCIsImV4cCI6MTc0MzUyMDQ2MywiaWF0IjoxNzM5MjAwNDYzLCJqdGkiOiJiZTNiM2E4NGZmZWU0ZGVmODU5ZTRiZjlkMjU0NWNjYSIsInVzZXJfaWQiOjJ9.mLGIHQbjKUKYOAVu9VTxx8P5p6mgOfAXRJSJL8OuEX0", "created_at": "2025-02-10T15:14:23.745Z", "expires_at": "2025-04-01T15:14:23Z"}}, {"model": "token_blacklist.outstandingtoken", "pk": 16, "fields": {"user": 2, "jti": "9a8f633f600a419ca216786788d39476", "token": "eyJhbGciOiJIUzI1NiIsInR5cCI6IkpXVCJ9.eyJ0b2tlbl90eXBlIjoicmVmcmVzaCIsImV4cCI6MTc0MzUyMDUxNCwiaWF0IjoxNzM5MjAwNTE0LCJqdGkiOiI5YThmNjMzZjYwMGE0MTljYTIxNjc4Njc4OGQzOTQ3NiIsInVzZXJfaWQiOjJ9.VjfCiUTLoUgnWn2oDhZlscaZseqSUZgm_FZVQ6gBuQI", "created_at": "2025-02-10T15:15:14.087Z", "expires_at": "2025-04-01T15:15:14Z"}}, {"model": "token_blacklist.outstandingtoken", "pk": 17, "fields": {"user": 2, "jti": "0cf07ac01ebc4caba12140fa9c136ce9", "token": "eyJhbGciOiJIUzI1NiIsInR5cCI6IkpXVCJ9.eyJ0b2tlbl90eXBlIjoicmVmcmVzaCIsImV4cCI6MTc0MzUyMDU4MCwiaWF0IjoxNzM5MjAwNTgwLCJqdGkiOiIwY2YwN2FjMDFlYmM0Y2FiYTEyMTQwZmE5YzEzNmNlOSIsInVzZXJfaWQiOjJ9.rwQ5FT9KFYuBwU9UCpljJs8VEwmtYJymK1TVZuBIdwg", "created_at": "2025-02-10T15:16:20.143Z", "expires_at": "2025-04-01T15:16:20Z"}}, {"model": "token_blacklist.outstandingtoken", "pk": 18, "fields": {"user": 2, "jti": "f794ba568b04441099922818e87df250", "token": "eyJhbGciOiJIUzI1NiIsInR5cCI6IkpXVCJ9.eyJ0b2tlbl90eXBlIjoicmVmcmVzaCIsImV4cCI6MTc0MzUyMDYxOCwiaWF0IjoxNzM5MjAwNjE4LCJqdGkiOiJmNzk0YmE1NjhiMDQ0NDEwOTk5MjI4MThlODdkZjI1MCIsInVzZXJfaWQiOjJ9.bD-UziawAPp4GJ4zaEE5qxcvLZ4FzsDo5-3mRMt8LfM", "created_at": "2025-02-10T15:16:58.352Z", "expires_at": "2025-04-01T15:16:58Z"}}, {"model": "token_blacklist.outstandingtoken", "pk": 19, "fields": {"user": 2, "jti": "8587dab1c09b4485b0ceb7d09a92074e", "token": "eyJhbGciOiJIUzI1NiIsInR5cCI6IkpXVCJ9.eyJ0b2tlbl90eXBlIjoicmVmcmVzaCIsImV4cCI6MTc0MzUyMDY5NiwiaWF0IjoxNzM5MjAwNjk2LCJqdGkiOiI4NTg3ZGFiMWMwOWI0NDg1YjBjZWI3ZDA5YTkyMDc0ZSIsInVzZXJfaWQiOjJ9.vhquoAUiSaB0T5PVRHHZGOGZnf8fwqtbr27xrTYaGrk", "created_at": "2025-02-10T15:18:16.782Z", "expires_at": "2025-04-01T15:18:16Z"}}, {"model": "token_blacklist.outstandingtoken", "pk": 20, "fields": {"user": 2, "jti": "11267e41ab744abbb532279791d3e632", "token": "eyJhbGciOiJIUzI1NiIsInR5cCI6IkpXVCJ9.eyJ0b2tlbl90eXBlIjoicmVmcmVzaCIsImV4cCI6MTc0MzUyMDcyOCwiaWF0IjoxNzM5MjAwNzI4LCJqdGkiOiIxMTI2N2U0MWFiNzQ0YWJiYjUzMjI3OTc5MWQzZTYzMiIsInVzZXJfaWQiOjJ9.mg2LPrlbt3qkq0pFR-aUvQa-keqD1uLou4RChUO3BkE", "created_at": "2025-02-10T15:18:48.302Z", "expires_at": "2025-04-01T15:18:48Z"}}, {"model": "token_blacklist.outstandingtoken", "pk": 21, "fields": {"user": 2, "jti": "44e08efb33d14108947d742f9e135f75", "token": "eyJhbGciOiJIUzI1NiIsInR5cCI6IkpXVCJ9.eyJ0b2tlbl90eXBlIjoicmVmcmVzaCIsImV4cCI6MTc0MzUyMDg3MiwiaWF0IjoxNzM5MjAwODcyLCJqdGkiOiI0NGUwOGVmYjMzZDE0MTA4OTQ3ZDc0MmY5ZTEzNWY3NSIsInVzZXJfaWQiOjJ9.tzDU8wgE0JT26usJKvg8VK0eqyyVB3FSLk9JRIFJFuM", "created_at": "2025-02-10T15:21:12.709Z", "expires_at": "2025-04-01T15:21:12Z"}}, {"model": "token_blacklist.outstandingtoken", "pk": 22, "fields": {"user": 2, "jti": "2543fb7299a645f89e1aaaa3966fabc0", "token": "eyJhbGciOiJIUzI1NiIsInR5cCI6IkpXVCJ9.eyJ0b2tlbl90eXBlIjoicmVmcmVzaCIsImV4cCI6MTc0MzUyMDkxOCwiaWF0IjoxNzM5MjAwOTE4LCJqdGkiOiIyNTQzZmI3Mjk5YTY0NWY4OWUxYWFhYTM5NjZmYWJjMCIsInVzZXJfaWQiOjJ9.fLeRnugp2okQJYaH7XppofRiKTBWw35ItQ921-w0zwo", "created_at": "2025-02-10T15:21:58.091Z", "expires_at": "2025-04-01T15:21:58Z"}}, {"model": "token_blacklist.outstandingtoken", "pk": 23, "fields": {"user": 2, "jti": "c577d4c78257448e99532350aae41b90", "token": "eyJhbGciOiJIUzI1NiIsInR5cCI6IkpXVCJ9.eyJ0b2tlbl90eXBlIjoicmVmcmVzaCIsImV4cCI6MTc0MzUyMTIwMiwiaWF0IjoxNzM5MjAxMjAyLCJqdGkiOiJjNTc3ZDRjNzgyNTc0NDhlOTk1MzIzNTBhYWU0MWI5MCIsInVzZXJfaWQiOjJ9.mMp9PNXq1MExjO2sq6BC2CWi63nJqlUCwlYj6MVM5t4", "created_at": "2025-02-10T15:26:42.423Z", "expires_at": "2025-04-01T15:26:42Z"}}, {"model": "token_blacklist.outstandingtoken", "pk": 24, "fields": {"user": 2, "jti": "e2c8b58d34a84adbb2caf8ee5c5cd7d9", "token": "eyJhbGciOiJIUzI1NiIsInR5cCI6IkpXVCJ9.eyJ0b2tlbl90eXBlIjoicmVmcmVzaCIsImV4cCI6MTc0MzUyMTIxNCwiaWF0IjoxNzM5MjAxMjE0LCJqdGkiOiJlMmM4YjU4ZDM0YTg0YWRiYjJjYWY4ZWU1YzVjZDdkOSIsInVzZXJfaWQiOjJ9.ZOvc2Lz_rT0LCQ-F6sdv70LLMh4cGJ4whnPPE3bJvLE", "created_at": "2025-02-10T15:26:54.037Z", "expires_at": "2025-04-01T15:26:54Z"}}, {"model": "token_blacklist.outstandingtoken", "pk": 25, "fields": {"user": 2, "jti": "26f1211a5f944c4eb23b297ee0e513c7", "token": "eyJhbGciOiJIUzI1NiIsInR5cCI6IkpXVCJ9.eyJ0b2tlbl90eXBlIjoicmVmcmVzaCIsImV4cCI6MTc0MzUyMTIzOSwiaWF0IjoxNzM5MjAxMjM5LCJqdGkiOiIyNmYxMjExYTVmOTQ0YzRlYjIzYjI5N2VlMGU1MTNjNyIsInVzZXJfaWQiOjJ9.cWaYyfg6IKflmSsMG4A_zaNHuk2ciY70bR-_a9njxNU", "created_at": "2025-02-10T15:27:19.099Z", "expires_at": "2025-04-01T15:27:19Z"}}, {"model": "token_blacklist.outstandingtoken", "pk": 26, "fields": {"user": 2, "jti": "c6d265b1318640529e79412c62e535a1", "token": "eyJhbGciOiJIUzI1NiIsInR5cCI6IkpXVCJ9.eyJ0b2tlbl90eXBlIjoicmVmcmVzaCIsImV4cCI6MTc0MzUyMTI4NSwiaWF0IjoxNzM5MjAxMjg1LCJqdGkiOiJjNmQyNjViMTMxODY0MDUyOWU3OTQxMmM2MmU1MzVhMSIsInVzZXJfaWQiOjJ9.Vb7Hg5miwHv-eL_WCYEfm7Y7xgkUGwRFmZL40ILu93U", "created_at": "2025-02-10T15:28:05.320Z", "expires_at": "2025-04-01T15:28:05Z"}}, {"model": "token_blacklist.outstandingtoken", "pk": 27, "fields": {"user": 2, "jti": "c940a6cf11e74ba1a9dcea28be226c71", "token": "eyJhbGciOiJIUzI1NiIsInR5cCI6IkpXVCJ9.eyJ0b2tlbl90eXBlIjoicmVmcmVzaCIsImV4cCI6MTc0MzUyMTQ3MCwiaWF0IjoxNzM5MjAxNDcwLCJqdGkiOiJjOTQwYTZjZjExZTc0YmExYTlkY2VhMjhiZTIyNmM3MSIsInVzZXJfaWQiOjJ9.8otJlX5bIyZC13jJUToM9xUh96k-XhCyn7GDeaMva-M", "created_at": "2025-02-10T15:31:10.743Z", "expires_at": "2025-04-01T15:31:10Z"}}, {"model": "token_blacklist.outstandingtoken", "pk": 28, "fields": {"user": 2, "jti": "5ec6bc4f1b424fbea85b68afb0b97ea2", "token": "eyJhbGciOiJIUzI1NiIsInR5cCI6IkpXVCJ9.eyJ0b2tlbl90eXBlIjoicmVmcmVzaCIsImV4cCI6MTc0MzUyMTYyNiwiaWF0IjoxNzM5MjAxNjI2LCJqdGkiOiI1ZWM2YmM0ZjFiNDI0ZmJlYTg1YjY4YWZiMGI5N2VhMiIsInVzZXJfaWQiOjJ9.2d6KDT_CVxlpudY7w-fYiPQeVghTsy8qDv20md2db3g", "created_at": "2025-02-10T15:33:46.453Z", "expires_at": "2025-04-01T15:33:46Z"}}, {"model": "token_blacklist.outstandingtoken", "pk": 29, "fields": {"user": 2, "jti": "db91a584d6f54daa85ea1621c410b678", "token": "eyJhbGciOiJIUzI1NiIsInR5cCI6IkpXVCJ9.eyJ0b2tlbl90eXBlIjoicmVmcmVzaCIsImV4cCI6MTc0MzUyMTcwMCwiaWF0IjoxNzM5MjAxNzAwLCJqdGkiOiJkYjkxYTU4NGQ2ZjU0ZGFhODVlYTE2MjFjNDEwYjY3OCIsInVzZXJfaWQiOjJ9.wNnGwGcKfbmox1rQSichcIQ6LBsfNHZslVGVwpXcOks", "created_at": "2025-02-10T15:35:00.947Z", "expires_at": "2025-04-01T15:35:00Z"}}, {"model": "token_blacklist.outstandingtoken", "pk": 30, "fields": {"user": 2, "jti": "3183eb35a9e24736a882a58e55353f98", "token": "eyJhbGciOiJIUzI1NiIsInR5cCI6IkpXVCJ9.eyJ0b2tlbl90eXBlIjoicmVmcmVzaCIsImV4cCI6MTc0MzUyMTc1OCwiaWF0IjoxNzM5MjAxNzU4LCJqdGkiOiIzMTgzZWIzNWE5ZTI0NzM2YTg4MmE1OGU1NTM1M2Y5OCIsInVzZXJfaWQiOjJ9.DmZ-r0hK295o-8RHfw_QNj9nI0ZJsL2nSccDRmMPmwc", "created_at": "2025-02-10T15:35:58.842Z", "expires_at": "2025-04-01T15:35:58Z"}}, {"model": "token_blacklist.outstandingtoken", "pk": 31, "fields": {"user": 2, "jti": "0d20f3c955cf4fbc8380d9cd7207ecc0", "token": "eyJhbGciOiJIUzI1NiIsInR5cCI6IkpXVCJ9.eyJ0b2tlbl90eXBlIjoicmVmcmVzaCIsImV4cCI6MTc0MzUyMTc5NiwiaWF0IjoxNzM5MjAxNzk2LCJqdGkiOiIwZDIwZjNjOTU1Y2Y0ZmJjODM4MGQ5Y2Q3MjA3ZWNjMCIsInVzZXJfaWQiOjJ9.7haZQo3IJxnQG3-c2J8Bc3itkFaP43S4uEWhz6aoHYc", "created_at": "2025-02-10T15:36:36.968Z", "expires_at": "2025-04-01T15:36:36Z"}}, {"model": "token_blacklist.outstandingtoken", "pk": 32, "fields": {"user": 2, "jti": "f689aa1e1e98476ca11b4e2ad6eff31a", "token": "eyJhbGciOiJIUzI1NiIsInR5cCI6IkpXVCJ9.eyJ0b2tlbl90eXBlIjoicmVmcmVzaCIsImV4cCI6MTc0MzUyMTgyOCwiaWF0IjoxNzM5MjAxODI4LCJqdGkiOiJmNjg5YWExZTFlOTg0NzZjYTExYjRlMmFkNmVmZjMxYSIsInVzZXJfaWQiOjJ9.vKdHom0eG_ugcL3shZym12v5fGOeGPMVxM-MN_rC1J8", "created_at": "2025-02-10T15:37:08.820Z", "expires_at": "2025-04-01T15:37:08Z"}}, {"model": "token_blacklist.outstandingtoken", "pk": 33, "fields": {"user": 2, "jti": "2d1b94a039334335835c8e0a7ecd25b2", "token": "eyJhbGciOiJIUzI1NiIsInR5cCI6IkpXVCJ9.eyJ0b2tlbl90eXBlIjoicmVmcmVzaCIsImV4cCI6MTc0MzUyMTkwMSwiaWF0IjoxNzM5MjAxOTAxLCJqdGkiOiIyZDFiOTRhMDM5MzM0MzM1ODM1YzhlMGE3ZWNkMjViMiIsInVzZXJfaWQiOjJ9.pEJ2fx6aoLDL7ocZfio3aAlLNnugaOS0OXJeZcpvRBk", "created_at": "2025-02-10T15:38:21.103Z", "expires_at": "2025-04-01T15:38:21Z"}}, {"model": "token_blacklist.outstandingtoken", "pk": 34, "fields": {"user": 2, "jti": "6564dcbfdc8148f58b758fe7b6a0e9b3", "token": "eyJhbGciOiJIUzI1NiIsInR5cCI6IkpXVCJ9.eyJ0b2tlbl90eXBlIjoicmVmcmVzaCIsImV4cCI6MTc0MzUyMTk3OCwiaWF0IjoxNzM5MjAxOTc4LCJqdGkiOiI2NTY0ZGNiZmRjODE0OGY1OGI3NThmZTdiNmEwZTliMyIsInVzZXJfaWQiOjJ9.y_EURStqeogE9a7F3F7voh6I76jiaCsRDOsf9HRc404", "created_at": "2025-02-10T15:39:38.898Z", "expires_at": "2025-04-01T15:39:38Z"}}, {"model": "token_blacklist.outstandingtoken", "pk": 35, "fields": {"user": 2, "jti": "1240e1924bb84de1a63c6dec3324c1ed", "token": "eyJhbGciOiJIUzI1NiIsInR5cCI6IkpXVCJ9.eyJ0b2tlbl90eXBlIjoicmVmcmVzaCIsImV4cCI6MTc0MzUyMjAxOCwiaWF0IjoxNzM5MjAyMDE4LCJqdGkiOiIxMjQwZTE5MjRiYjg0ZGUxYTYzYzZkZWMzMzI0YzFlZCIsInVzZXJfaWQiOjJ9.VrW1vEVTc8moomk99wA7vhOTuKFckd_VGWjhrtjbf_c", "created_at": "2025-02-10T15:40:18.312Z", "expires_at": "2025-04-01T15:40:18Z"}}, {"model": "token_blacklist.outstandingtoken", "pk": 36, "fields": {"user": 2, "jti": "b72646b7a4fa4bcbabc7ca46014dfffe", "token": "eyJhbGciOiJIUzI1NiIsInR5cCI6IkpXVCJ9.eyJ0b2tlbl90eXBlIjoicmVmcmVzaCIsImV4cCI6MTc0MzUyMjA4MCwiaWF0IjoxNzM5MjAyMDgwLCJqdGkiOiJiNzI2NDZiN2E0ZmE0YmNiYWJjN2NhNDYwMTRkZmZmZSIsInVzZXJfaWQiOjJ9.UR1G1yHtbiB__ymdRqU-eTYSBWCI7NtbwKaN5h77or0", "created_at": "2025-02-10T15:41:20.775Z", "expires_at": "2025-04-01T15:41:20Z"}}, {"model": "token_blacklist.outstandingtoken", "pk": 37, "fields": {"user": 2, "jti": "d8a5127d8c14411b947fa1814c010ac5", "token": "eyJhbGciOiJIUzI1NiIsInR5cCI6IkpXVCJ9.eyJ0b2tlbl90eXBlIjoicmVmcmVzaCIsImV4cCI6MTc0MzUyMjEzOSwiaWF0IjoxNzM5MjAyMTM5LCJqdGkiOiJkOGE1MTI3ZDhjMTQ0MTFiOTQ3ZmExODE0YzAxMGFjNSIsInVzZXJfaWQiOjJ9.au8mjRiPrPYvJM_nsvBsJAT82gn7r8X0l0xCya6EHbk", "created_at": "2025-02-10T15:42:19.859Z", "expires_at": "2025-04-01T15:42:19Z"}}, {"model": "token_blacklist.outstandingtoken", "pk": 38, "fields": {"user": 2, "jti": "3075c7b2115a4111ad908296b36acd1c", "token": "eyJhbGciOiJIUzI1NiIsInR5cCI6IkpXVCJ9.eyJ0b2tlbl90eXBlIjoicmVmcmVzaCIsImV4cCI6MTc0MzUyMjg5OCwiaWF0IjoxNzM5MjAyODk4LCJqdGkiOiIzMDc1YzdiMjExNWE0MTExYWQ5MDgyOTZiMzZhY2QxYyIsInVzZXJfaWQiOjJ9.PkOzBEhUda4PawuYAg6Z3jI0Gr4Dve4qqRaQewXA7Cs", "created_at": "2025-02-10T15:54:58.334Z", "expires_at": "2025-04-01T15:54:58Z"}}, {"model": "token_blacklist.outstandingtoken", "pk": 39, "fields": {"user": 2, "jti": "47d6bde92d9f438db015b0367de71b7e", "token": "eyJhbGciOiJIUzI1NiIsInR5cCI6IkpXVCJ9.eyJ0b2tlbl90eXBlIjoicmVmcmVzaCIsImV4cCI6MTc0MzUyMzEyMCwiaWF0IjoxNzM5MjAzMTIwLCJqdGkiOiI0N2Q2YmRlOTJkOWY0MzhkYjAxNWIwMzY3ZGU3MWI3ZSIsInVzZXJfaWQiOjJ9.wRpt5ECfWVS2N5VnUfwmWzqxzPLPOrBhl4VJzRhaFFw", "created_at": "2025-02-10T15:58:40.796Z", "expires_at": "2025-04-01T15:58:40Z"}}, {"model": "token_blacklist.outstandingtoken", "pk": 40, "fields": {"user": 2, "jti": "d42d527e1b2543158d76545a5984b4cd", "token": "eyJhbGciOiJIUzI1NiIsInR5cCI6IkpXVCJ9.eyJ0b2tlbl90eXBlIjoicmVmcmVzaCIsImV4cCI6MTc0MzUyMzY1OCwiaWF0IjoxNzM5MjAzNjU4LCJqdGkiOiJkNDJkNTI3ZTFiMjU0MzE1OGQ3NjU0NWE1OTg0YjRjZCIsInVzZXJfaWQiOjJ9.DzEc1i2wgH3E3USVh6m0-NxiTzjv1-ycuZgaDQWaZvk", "created_at": "2025-02-10T16:07:38.136Z", "expires_at": "2025-04-01T16:07:38Z"}}, {"model": "token_blacklist.outstandingtoken", "pk": 41, "fields": {"user": 2, "jti": "555eec2a10aa44e0981f1a1e7906b2e8", "token": "eyJhbGciOiJIUzI1NiIsInR5cCI6IkpXVCJ9.eyJ0b2tlbl90eXBlIjoicmVmcmVzaCIsImV4cCI6MTc0MzUyNDk4NiwiaWF0IjoxNzM5MjA0OTg2LCJqdGkiOiI1NTVlZWMyYTEwYWE0NGUwOTgxZjFhMWU3OTA2YjJlOCIsInVzZXJfaWQiOjJ9.0Vi5hPGjdGLiyQoLY0HeQoFqS-2ED-MlFMsom9kiTSg", "created_at": "2025-02-10T16:29:46.161Z", "expires_at": "2025-04-01T16:29:46Z"}}, {"model": "token_blacklist.outstandingtoken", "pk": 42, "fields": {"user": 2, "jti": "1cff078d36e5414d8709e0224bec9952", "token": "eyJhbGciOiJIUzI1NiIsInR5cCI6IkpXVCJ9.eyJ0b2tlbl90eXBlIjoicmVmcmVzaCIsImV4cCI6MTc0MzUyNTE2MiwiaWF0IjoxNzM5MjA1MTYyLCJqdGkiOiIxY2ZmMDc4ZDM2ZTU0MTRkODcwOWUwMjI0YmVjOTk1MiIsInVzZXJfaWQiOjJ9.Ht5OOPIMz2lqrjs4qzW2oYQL01xH0mz27RtfXrMtqC4", "created_at": "2025-02-10T16:32:42.682Z", "expires_at": "2025-04-01T16:32:42Z"}}, {"model": "token_blacklist.outstandingtoken", "pk": 43, "fields": {"user": 2, "jti": "c3ec1a3621044bae80e6b489dad0412b", "token": "eyJhbGciOiJIUzI1NiIsInR5cCI6IkpXVCJ9.eyJ0b2tlbl90eXBlIjoicmVmcmVzaCIsImV4cCI6MTc0MzUyNTE5MSwiaWF0IjoxNzM5MjA1MTkxLCJqdGkiOiJjM2VjMWEzNjIxMDQ0YmFlODBlNmI0ODlkYWQwNDEyYiIsInVzZXJfaWQiOjJ9.Gx9M4wac6bvPPnxIviMW_UhFy4K65Dr7igS0bBWTIO0", "created_at": "2025-02-10T16:33:11.542Z", "expires_at": "2025-04-01T16:33:11Z"}}, {"model": "token_blacklist.outstandingtoken", "pk": 44, "fields": {"user": 2, "jti": "21500aa8ea4249df8d573d3b6902ea04", "token": "eyJhbGciOiJIUzI1NiIsInR5cCI6IkpXVCJ9.eyJ0b2tlbl90eXBlIjoicmVmcmVzaCIsImV4cCI6MTc0MzUyNTQwMiwiaWF0IjoxNzM5MjA1NDAyLCJqdGkiOiIyMTUwMGFhOGVhNDI0OWRmOGQ1NzNkM2I2OTAyZWEwNCIsInVzZXJfaWQiOjJ9.QwW7i3M9Yt5THDd6Rn-R9xagO6--zDr53dKzCnhzfS8", "created_at": "2025-02-10T16:36:42.229Z", "expires_at": "2025-04-01T16:36:42Z"}}, {"model": "token_blacklist.outstandingtoken", "pk": 45, "fields": {"user": 2, "jti": "923318f3bee14dc1b488db235b6d6658", "token": "eyJhbGciOiJIUzI1NiIsInR5cCI6IkpXVCJ9.eyJ0b2tlbl90eXBlIjoicmVmcmVzaCIsImV4cCI6MTc0MzUyNTQ2MywiaWF0IjoxNzM5MjA1NDYzLCJqdGkiOiI5MjMzMThmM2JlZTE0ZGMxYjQ4OGRiMjM1YjZkNjY1OCIsInVzZXJfaWQiOjJ9.GASUCUUXthBrBmP_e1qWz0II2jQC5JLXdCzK5EfLxr0", "created_at": "2025-02-10T16:37:43.379Z", "expires_at": "2025-04-01T16:37:43Z"}}, {"model": "token_blacklist.outstandingtoken", "pk": 46, "fields": {"user": 2, "jti": "30ad1134f2a54fe69d465f8ca8514e7d", "token": "eyJhbGciOiJIUzI1NiIsInR5cCI6IkpXVCJ9.eyJ0b2tlbl90eXBlIjoicmVmcmVzaCIsImV4cCI6MTc0MzUyNTQ4NywiaWF0IjoxNzM5MjA1NDg3LCJqdGkiOiIzMGFkMTEzNGYyYTU0ZmU2OWQ0NjVmOGNhODUxNGU3ZCIsInVzZXJfaWQiOjJ9.gWyVEJGsGqPaH4Xyw436JhEjH3rq6FnHM9hMrWyzFag", "created_at": "2025-02-10T16:38:07.165Z", "expires_at": "2025-04-01T16:38:07Z"}}, {"model": "token_blacklist.outstandingtoken", "pk": 47, "fields": {"user": 2, "jti": "aa98ecf26870403db309c825a9f3b022", "token": "eyJhbGciOiJIUzI1NiIsInR5cCI6IkpXVCJ9.eyJ0b2tlbl90eXBlIjoicmVmcmVzaCIsImV4cCI6MTc0MzUyNTU1MywiaWF0IjoxNzM5MjA1NTUzLCJqdGkiOiJhYTk4ZWNmMjY4NzA0MDNkYjMwOWM4MjVhOWYzYjAyMiIsInVzZXJfaWQiOjJ9.4cgmjN6sUXJfKPBN8NCsedxUKx9NDun9deoBuOBtVQA", "created_at": "2025-02-10T16:39:13.999Z", "expires_at": "2025-04-01T16:39:13Z"}}, {"model": "token_blacklist.outstandingtoken", "pk": 48, "fields": {"user": 2, "jti": "f04a8118b7014091bbe9fdd30e098157", "token": "eyJhbGciOiJIUzI1NiIsInR5cCI6IkpXVCJ9.eyJ0b2tlbl90eXBlIjoicmVmcmVzaCIsImV4cCI6MTc0MzUyNTU3NSwiaWF0IjoxNzM5MjA1NTc1LCJqdGkiOiJmMDRhODExOGI3MDE0MDkxYmJlOWZkZDMwZTA5ODE1NyIsInVzZXJfaWQiOjJ9.XwShI8XOm8SWz6E99oOf1fZTrmF9s57DswvI6yFIxBc", "created_at": "2025-02-10T16:39:35.876Z", "expires_at": "2025-04-01T16:39:35Z"}}, {"model": "token_blacklist.outstandingtoken", "pk": 49, "fields": {"user": 2, "jti": "5182c3f9027a446285b7fe989cd1396c", "token": "eyJhbGciOiJIUzI1NiIsInR5cCI6IkpXVCJ9.eyJ0b2tlbl90eXBlIjoicmVmcmVzaCIsImV4cCI6MTc0MzUyNTU5NywiaWF0IjoxNzM5MjA1NTk3LCJqdGkiOiI1MTgyYzNmOTAyN2E0NDYyODViN2ZlOTg5Y2QxMzk2YyIsInVzZXJfaWQiOjJ9.9-xaD0RuFZ8FBwCzWlkeWStFnxW8oXc61Q9iPESJEvg", "created_at": "2025-02-10T16:39:57.762Z", "expires_at": "2025-04-01T16:39:57Z"}}, {"model": "token_blacklist.outstandingtoken", "pk": 50, "fields": {"user": 2, "jti": "850688a2a9884fc78b1a4b1e0c1861e4", "token": "eyJhbGciOiJIUzI1NiIsInR5cCI6IkpXVCJ9.eyJ0b2tlbl90eXBlIjoicmVmcmVzaCIsImV4cCI6MTc0MzUyNTYyNywiaWF0IjoxNzM5MjA1NjI3LCJqdGkiOiI4NTA2ODhhMmE5ODg0ZmM3OGIxYTRiMWUwYzE4NjFlNCIsInVzZXJfaWQiOjJ9.5rXEoZvtf8WJR66t6qFKefcmC6fVyKZAeT-kXij1g_k", "created_at": "2025-02-10T16:40:27.537Z", "expires_at": "2025-04-01T16:40:27Z"}}, {"model": "token_blacklist.outstandingtoken", "pk": 51, "fields": {"user": 2, "jti": "dd2d54e03a6448f2b0398166656fe1ce", "token": "eyJhbGciOiJIUzI1NiIsInR5cCI6IkpXVCJ9.eyJ0b2tlbl90eXBlIjoicmVmcmVzaCIsImV4cCI6MTc0MzUyNjQxMCwiaWF0IjoxNzM5MjA2NDEwLCJqdGkiOiJkZDJkNTRlMDNhNjQ0OGYyYjAzOTgxNjY2NTZmZTFjZSIsInVzZXJfaWQiOjJ9.iCLYJ4n7dHjFrm2q6ey95jyDEZUdx-ejTOVYiv5vuSY", "created_at": "2025-02-10T16:53:30.530Z", "expires_at": "2025-04-01T16:53:30Z"}}, {"model": "token_blacklist.outstandingtoken", "pk": 52, "fields": {"user": 2, "jti": "e18e7d85fe4e43c4bc642582121a0473", "token": "eyJhbGciOiJIUzI1NiIsInR5cCI6IkpXVCJ9.eyJ0b2tlbl90eXBlIjoicmVmcmVzaCIsImV4cCI6MTc0MzUyNjQ2OSwiaWF0IjoxNzM5MjA2NDY5LCJqdGkiOiJlMThlN2Q4NWZlNGU0M2M0YmM2NDI1ODIxMjFhMDQ3MyIsInVzZXJfaWQiOjJ9.HmmXTbbdErFAxrmaNKsw-QfRKzllVXlzi9p5QN_0eZE", "created_at": "2025-02-10T16:54:29.344Z", "expires_at": "2025-04-01T16:54:29Z"}}, {"model": "token_blacklist.outstandingtoken", "pk": 53, "fields": {"user": 2, "jti": "372830d15ad6461fa7be8ff2454ecf13", "token": "eyJhbGciOiJIUzI1NiIsInR5cCI6IkpXVCJ9.eyJ0b2tlbl90eXBlIjoicmVmcmVzaCIsImV4cCI6MTc0MzUyNjQ4OSwiaWF0IjoxNzM5MjA2NDg5LCJqdGkiOiIzNzI4MzBkMTVhZDY0NjFmYTdiZThmZjI0NTRlY2YxMyIsInVzZXJfaWQiOjJ9.h-h2GzXFUvyIbBmz2rMGiHl0WZ4fgjgdt_OpmZjt2V8", "created_at": "2025-02-10T16:54:49.528Z", "expires_at": "2025-04-01T16:54:49Z"}}, {"model": "token_blacklist.outstandingtoken", "pk": 54, "fields": {"user": 2, "jti": "d076662fd04145b181406ddfc97a84cd", "token": "eyJhbGciOiJIUzI1NiIsInR5cCI6IkpXVCJ9.eyJ0b2tlbl90eXBlIjoicmVmcmVzaCIsImV4cCI6MTc0MzUyNjU0OCwiaWF0IjoxNzM5MjA2NTQ4LCJqdGkiOiJkMDc2NjYyZmQwNDE0NWIxODE0MDZkZGZjOTdhODRjZCIsInVzZXJfaWQiOjJ9.GJkVV3jN6lynhfOjOaZpw9NlaaJDenZsiyTWqTnhsz0", "created_at": "2025-02-10T16:55:48.448Z", "expires_at": "2025-04-01T16:55:48Z"}}, {"model": "token_blacklist.outstandingtoken", "pk": 55, "fields": {"user": 2, "jti": "0c31ea97b277473384173efbf1446974", "token": "eyJhbGciOiJIUzI1NiIsInR5cCI6IkpXVCJ9.eyJ0b2tlbl90eXBlIjoicmVmcmVzaCIsImV4cCI6MTc0MzUyNjU5MCwiaWF0IjoxNzM5MjA2NTkwLCJqdGkiOiIwYzMxZWE5N2IyNzc0NzMzODQxNzNlZmJmMTQ0Njk3NCIsInVzZXJfaWQiOjJ9.fXJBheOMqqA-VnbRG8h4F2_faCrQatkg8hr8P08-9Dw", "created_at": "2025-02-10T16:56:30.510Z", "expires_at": "2025-04-01T16:56:30Z"}}, {"model": "token_blacklist.outstandingtoken", "pk": 56, "fields": {"user": 2, "jti": "ffc8e8f07c254cb390781c2b3db643ac", "token": "eyJhbGciOiJIUzI1NiIsInR5cCI6IkpXVCJ9.eyJ0b2tlbl90eXBlIjoicmVmcmVzaCIsImV4cCI6MTc0MzUyNjcxNSwiaWF0IjoxNzM5MjA2NzE1LCJqdGkiOiJmZmM4ZThmMDdjMjU0Y2IzOTA3ODFjMmIzZGI2NDNhYyIsInVzZXJfaWQiOjJ9.ODm-jnTpT4ekW3aIrzd457Vqgp3cIY7OtDX8H63M_C4", "created_at": "2025-02-10T16:58:35.886Z", "expires_at": "2025-04-01T16:58:35Z"}}, {"model": "token_blacklist.outstandingtoken", "pk": 57, "fields": {"user": 2, "jti": "c67aae77138b4cebb884fdbb7da7c7aa", "token": "eyJhbGciOiJIUzI1NiIsInR5cCI6IkpXVCJ9.eyJ0b2tlbl90eXBlIjoicmVmcmVzaCIsImV4cCI6MTc0MzUyNzA1MCwiaWF0IjoxNzM5MjA3MDUwLCJqdGkiOiJjNjdhYWU3NzEzOGI0Y2ViYjg4NGZkYmI3ZGE3YzdhYSIsInVzZXJfaWQiOjJ9.xHKWsPmCQ-24EyKdqMKrkd_0Cfd5tOZ83FfvGfuxMOg", "created_at": "2025-02-10T17:04:10.200Z", "expires_at": "2025-04-01T17:04:10Z"}}, {"model": "token_blacklist.outstandingtoken", "pk": 58, "fields": {"user": 2, "jti": "5889f584f65b40f483f8bdcdbbabd54f", "token": "eyJhbGciOiJIUzI1NiIsInR5cCI6IkpXVCJ9.eyJ0b2tlbl90eXBlIjoicmVmcmVzaCIsImV4cCI6MTc0MzUyNzA3MSwiaWF0IjoxNzM5MjA3MDcxLCJqdGkiOiI1ODg5ZjU4NGY2NWI0MGY0ODNmOGJkY2RiYmFiZDU0ZiIsInVzZXJfaWQiOjJ9.v7KxIYWztOXbxwH8wcBfHSO015EzL5Fgn0uoHj-TPi0", "created_at": "2025-02-10T17:04:31.892Z", "expires_at": "2025-04-01T17:04:31Z"}}, {"model": "token_blacklist.outstandingtoken", "pk": 59, "fields": {"user": 2, "jti": "88984fa0985143f589831e3ce9e5b63f", "token": "eyJhbGciOiJIUzI1NiIsInR5cCI6IkpXVCJ9.eyJ0b2tlbl90eXBlIjoicmVmcmVzaCIsImV4cCI6MTc0MzU4MDgzOSwiaWF0IjoxNzM5MjYwODM5LCJqdGkiOiI4ODk4NGZhMDk4NTE0M2Y1ODk4MzFlM2NlOWU1YjYzZiIsInVzZXJfaWQiOjJ9.aRSS3VwO_YJoznd9Ohfd1lxHORxp3857y4INK4xRQrc", "created_at": "2025-02-11T08:00:39.683Z", "expires_at": "2025-04-02T08:00:39Z"}}, {"model": "token_blacklist.outstandingtoken", "pk": 60, "fields": {"user": 2, "jti": "381fecc7a8454502bf288591f3987bec", "token": "eyJhbGciOiJIUzI1NiIsInR5cCI6IkpXVCJ9.eyJ0b2tlbl90eXBlIjoicmVmcmVzaCIsImV4cCI6MTc0MzU4MDk1MCwiaWF0IjoxNzM5MjYwOTUwLCJqdGkiOiIzODFmZWNjN2E4NDU0NTAyYmYyODg1OTFmMzk4N2JlYyIsInVzZXJfaWQiOjJ9.APmLOlEXuywsy8Gp2EJC3tQvqs9RTefg_KIlXNB1pjc", "created_at": "2025-02-11T08:02:30.771Z", "expires_at": "2025-04-02T08:02:30Z"}}, {"model": "token_blacklist.outstandingtoken", "pk": 61, "fields": {"user": 2, "jti": "3dbe622508a045c5bd07db1ab4b47920", "token": "eyJhbGciOiJIUzI1NiIsInR5cCI6IkpXVCJ9.eyJ0b2tlbl90eXBlIjoicmVmcmVzaCIsImV4cCI6MTc0MzU4MTA5MSwiaWF0IjoxNzM5MjYxMDkxLCJqdGkiOiIzZGJlNjIyNTA4YTA0NWM1YmQwN2RiMWFiNGI0NzkyMCIsInVzZXJfaWQiOjJ9.r5YSYxz7DI3Ra9vuJSh-t1WD7hxAdukS7fg0nAy2Vvo", "created_at": "2025-02-11T08:04:51.492Z", "expires_at": "2025-04-02T08:04:51Z"}}, {"model": "token_blacklist.outstandingtoken", "pk": 62, "fields": {"user": 2, "jti": "053aeb909e244283b4d1de1f21fefcaf", "token": "eyJhbGciOiJIUzI1NiIsInR5cCI6IkpXVCJ9.eyJ0b2tlbl90eXBlIjoicmVmcmVzaCIsImV4cCI6MTc0MzU4MTI0MiwiaWF0IjoxNzM5MjYxMjQyLCJqdGkiOiIwNTNhZWI5MDllMjQ0MjgzYjRkMWRlMWYyMWZlZmNhZiIsInVzZXJfaWQiOjJ9.fXzR2xpWrNVkm3PESDxlv4OewJjns6_-umkAfnMwBH0", "created_at": "2025-02-11T08:07:22.098Z", "expires_at": "2025-04-02T08:07:22Z"}}, {"model": "token_blacklist.outstandingtoken", "pk": 63, "fields": {"user": 2, "jti": "4cd5886aa3a74dd38bd1e28dcb63561a", "token": "eyJhbGciOiJIUzI1NiIsInR5cCI6IkpXVCJ9.eyJ0b2tlbl90eXBlIjoicmVmcmVzaCIsImV4cCI6MTc0MzU4MTI5NCwiaWF0IjoxNzM5MjYxMjk0LCJqdGkiOiI0Y2Q1ODg2YWEzYTc0ZGQzOGJkMWUyOGRjYjYzNTYxYSIsInVzZXJfaWQiOjJ9.tOhXzHr7EtCS9WJsr3QWsmRtiOMAIDu5hx43xWnm4LA", "created_at": "2025-02-11T08:08:14.663Z", "expires_at": "2025-04-02T08:08:14Z"}}, {"model": "token_blacklist.outstandingtoken", "pk": 64, "fields": {"user": 2, "jti": "a59f2e770c884d76a183690363ccdbf9", "token": "eyJhbGciOiJIUzI1NiIsInR5cCI6IkpXVCJ9.eyJ0b2tlbl90eXBlIjoicmVmcmVzaCIsImV4cCI6MTc0MzU4MTY1MywiaWF0IjoxNzM5MjYxNjUzLCJqdGkiOiJhNTlmMmU3NzBjODg0ZDc2YTE4MzY5MDM2M2NjZGJmOSIsInVzZXJfaWQiOjJ9.Wsl5xZeTQwhsJIh2ANJ7z-u5enPVxNbv9zxsapSEM74", "created_at": "2025-02-11T08:14:13.865Z", "expires_at": "2025-04-02T08:14:13Z"}}, {"model": "token_blacklist.outstandingtoken", "pk": 65, "fields": {"user": 2, "jti": "cbd97d10cc354642a6796b7b487aa070", "token": "eyJhbGciOiJIUzI1NiIsInR5cCI6IkpXVCJ9.eyJ0b2tlbl90eXBlIjoicmVmcmVzaCIsImV4cCI6MTc0MzU4MTgwNywiaWF0IjoxNzM5MjYxODA3LCJqdGkiOiJjYmQ5N2QxMGNjMzU0NjQyYTY3OTZiN2I0ODdhYTA3MCIsInVzZXJfaWQiOjJ9.y11_NshZPfX0XzawN1_wW7soBiNGZ_Qn2_vuyBTHVCU", "created_at": "2025-02-11T08:16:47.692Z", "expires_at": "2025-04-02T08:16:47Z"}}, {"model": "token_blacklist.outstandingtoken", "pk": 66, "fields": {"user": 2, "jti": "fea8b4121e24417f91e85af254449ca8", "token": "eyJhbGciOiJIUzI1NiIsInR5cCI6IkpXVCJ9.eyJ0b2tlbl90eXBlIjoicmVmcmVzaCIsImV4cCI6MTc0MzU4MTg1OSwiaWF0IjoxNzM5MjYxODU5LCJqdGkiOiJmZWE4YjQxMjFlMjQ0MTdmOTFlODVhZjI1NDQ0OWNhOCIsInVzZXJfaWQiOjJ9.HLYz_kw5yY5l60r__e4-0Crd48L1noL0ILZiUCVBmAA", "created_at": "2025-02-11T08:17:39.701Z", "expires_at": "2025-04-02T08:17:39Z"}}, {"model": "token_blacklist.outstandingtoken", "pk": 67, "fields": {"user": 2, "jti": "b6c75da6e55f49128ef201139ab375a7", "token": "eyJhbGciOiJIUzI1NiIsInR5cCI6IkpXVCJ9.eyJ0b2tlbl90eXBlIjoicmVmcmVzaCIsImV4cCI6MTc0MzU4MTk1OSwiaWF0IjoxNzM5MjYxOTU5LCJqdGkiOiJiNmM3NWRhNmU1NWY0OTEyOGVmMjAxMTM5YWIzNzVhNyIsInVzZXJfaWQiOjJ9.HcJsu9CBBQPsyPfgmvu2VTvJzb1SZE-3jh7wyhNP1A8", "created_at": "2025-02-11T08:19:19.016Z", "expires_at": "2025-04-02T08:19:19Z"}}, {"model": "token_blacklist.outstandingtoken", "pk": 68, "fields": {"user": 2, "jti": "2c5ebf5f60504ac684b9a68c2c7f7639", "token": "eyJhbGciOiJIUzI1NiIsInR5cCI6IkpXVCJ9.eyJ0b2tlbl90eXBlIjoicmVmcmVzaCIsImV4cCI6MTc0MzU4MjE0NiwiaWF0IjoxNzM5MjYyMTQ2LCJqdGkiOiIyYzVlYmY1ZjYwNTA0YWM2ODRiOWE2OGMyYzdmNzYzOSIsInVzZXJfaWQiOjJ9.WDqGu04Nia6pH-W_Bvi4Eak01AL8YrofLtViEOrdt1U", "created_at": "2025-02-11T08:22:26.309Z", "expires_at": "2025-04-02T08:22:26Z"}}, {"model": "token_blacklist.outstandingtoken", "pk": 69, "fields": {"user": 2, "jti": "d2b4f303f2ab494cb06feeddf9ef88b3", "token": "eyJhbGciOiJIUzI1NiIsInR5cCI6IkpXVCJ9.eyJ0b2tlbl90eXBlIjoicmVmcmVzaCIsImV4cCI6MTc0MzU4MjIwMSwiaWF0IjoxNzM5MjYyMjAxLCJqdGkiOiJkMmI0ZjMwM2YyYWI0OTRjYjA2ZmVlZGRmOWVmODhiMyIsInVzZXJfaWQiOjJ9.arC13VqQaEAkqaBOrTlU_3yUhtu7QodtIR8Rxtl4ubg", "created_at": "2025-02-11T08:23:21.555Z", "expires_at": "2025-04-02T08:23:21Z"}}, {"model": "token_blacklist.outstandingtoken", "pk": 70, "fields": {"user": 2, "jti": "8e58a27c1fb94b8e8fdd514bd06ef069", "token": "eyJhbGciOiJIUzI1NiIsInR5cCI6IkpXVCJ9.eyJ0b2tlbl90eXBlIjoicmVmcmVzaCIsImV4cCI6MTc0MzU4MjUwMSwiaWF0IjoxNzM5MjYyNTAxLCJqdGkiOiI4ZTU4YTI3YzFmYjk0YjhlOGZkZDUxNGJkMDZlZjA2OSIsInVzZXJfaWQiOjJ9.Wbq8Bh4zBj7poeHpy-vXz5VGQoeLTTkYwE_mcgVEwOU", "created_at": "2025-02-11T08:28:21.264Z", "expires_at": "2025-04-02T08:28:21Z"}}, {"model": "token_blacklist.outstandingtoken", "pk": 71, "fields": {"user": 2, "jti": "4a88afc437c44fd28574f52832340bb6", "token": "eyJhbGciOiJIUzI1NiIsInR5cCI6IkpXVCJ9.eyJ0b2tlbl90eXBlIjoicmVmcmVzaCIsImV4cCI6MTc0MzU4MjY3OSwiaWF0IjoxNzM5MjYyNjc5LCJqdGkiOiI0YTg4YWZjNDM3YzQ0ZmQyODU3NGY1MjgzMjM0MGJiNiIsInVzZXJfaWQiOjJ9.ZogDDFIW0TzHo780TsWs3br8VNieukNb7hM_0BXECTM", "created_at": "2025-02-11T08:31:19.831Z", "expires_at": "2025-04-02T08:31:19Z"}}, {"model": "token_blacklist.outstandingtoken", "pk": 72, "fields": {"user": 2, "jti": "7b740c1218cf479ab80a00a69e00c070", "token": "eyJhbGciOiJIUzI1NiIsInR5cCI6IkpXVCJ9.eyJ0b2tlbl90eXBlIjoicmVmcmVzaCIsImV4cCI6MTc0MzU4Mjc3NywiaWF0IjoxNzM5MjYyNzc3LCJqdGkiOiI3Yjc0MGMxMjE4Y2Y0NzlhYjgwYTAwYTY5ZTAwYzA3MCIsInVzZXJfaWQiOjJ9.601Y8RCCmFCOuI6OagliCtffyinEfJ3k-_ONDUB7GT0", "created_at": "2025-02-11T08:32:57.324Z", "expires_at": "2025-04-02T08:32:57Z"}}, {"model": "token_blacklist.outstandingtoken", "pk": 73, "fields": {"user": 2, "jti": "0c1d12cce2e54b1d8991a127062fd700", "token": "eyJhbGciOiJIUzI1NiIsInR5cCI6IkpXVCJ9.eyJ0b2tlbl90eXBlIjoicmVmcmVzaCIsImV4cCI6MTc0MzU4MjgwNCwiaWF0IjoxNzM5MjYyODA0LCJqdGkiOiIwYzFkMTJjY2UyZTU0YjFkODk5MWExMjcwNjJmZDcwMCIsInVzZXJfaWQiOjJ9.iTurpsCYS6CzpOyPlgUfQstJ-WhMit8AIJ9zsIMv0rw", "created_at": "2025-02-11T08:33:24.527Z", "expires_at": "2025-04-02T08:33:24Z"}}, {"model": "token_blacklist.outstandingtoken", "pk": 74, "fields": {"user": 2, "jti": "aa15f880415e4c9b9e8e23111e332715", "token": "eyJhbGciOiJIUzI1NiIsInR5cCI6IkpXVCJ9.eyJ0b2tlbl90eXBlIjoicmVmcmVzaCIsImV4cCI6MTc0MzU4Mjg5NSwiaWF0IjoxNzM5MjYyODk1LCJqdGkiOiJhYTE1Zjg4MDQxNWU0YzliOWU4ZTIzMTExZTMzMjcxNSIsInVzZXJfaWQiOjJ9.TQHJZrc1zlfB9KEs9OW9-PpTFM51siYDmX_ch6Xig9M", "created_at": "2025-02-11T08:34:55.682Z", "expires_at": "2025-04-02T08:34:55Z"}}, {"model": "token_blacklist.outstandingtoken", "pk": 75, "fields": {"user": 2, "jti": "6cc2dc4409f147078b2bda2491c22e6a", "token": "eyJhbGciOiJIUzI1NiIsInR5cCI6IkpXVCJ9.eyJ0b2tlbl90eXBlIjoicmVmcmVzaCIsImV4cCI6MTc0MzU4MzU5MCwiaWF0IjoxNzM5MjYzNTkwLCJqdGkiOiI2Y2MyZGM0NDA5ZjE0NzA3OGIyYmRhMjQ5MWMyMmU2YSIsInVzZXJfaWQiOjJ9.H5DlZNiGHzIbBOIP2xa3wcVMHHxfaR4Ky77hOM-NY3s", "created_at": "2025-02-11T08:46:30.658Z", "expires_at": "2025-04-02T08:46:30Z"}}, {"model": "token_blacklist.outstandingtoken", "pk": 76, "fields": {"user": 2, "jti": "315b71ff6e9c416f92dda22cace95441", "token": "eyJhbGciOiJIUzI1NiIsInR5cCI6IkpXVCJ9.eyJ0b2tlbl90eXBlIjoicmVmcmVzaCIsImV4cCI6MTc0MzU4MzY0NiwiaWF0IjoxNzM5MjYzNjQ2LCJqdGkiOiIzMTViNzFmZjZlOWM0MTZmOTJkZGEyMmNhY2U5NTQ0MSIsInVzZXJfaWQiOjJ9.fuhL5AE6qi80i0isns2Hgpat0h5o4Om9f_OlbwqFBVI", "created_at": "2025-02-11T08:47:26.530Z", "expires_at": "2025-04-02T08:47:26Z"}}, {"model": "token_blacklist.outstandingtoken", "pk": 77, "fields": {"user": 2, "jti": "043918deeb7f44af88a15da72a401f68", "token": "eyJhbGciOiJIUzI1NiIsInR5cCI6IkpXVCJ9.eyJ0b2tlbl90eXBlIjoicmVmcmVzaCIsImV4cCI6MTc0MzU4MzcwNywiaWF0IjoxNzM5MjYzNzA3LCJqdGkiOiIwNDM5MThkZWViN2Y0NGFmODhhMTVkYTcyYTQwMWY2OCIsInVzZXJfaWQiOjJ9.olW8WRgs26rZc2dAGxeOt6vBKDWKLpxVbhVdK0l9vgM", "created_at": "2025-02-11T08:48:27.537Z", "expires_at": "2025-04-02T08:48:27Z"}}, {"model": "token_blacklist.outstandingtoken", "pk": 78, "fields": {"user": 2, "jti": "b4c7d145b6164ef3b4f280521c209b8c", "token": "eyJhbGciOiJIUzI1NiIsInR5cCI6IkpXVCJ9.eyJ0b2tlbl90eXBlIjoicmVmcmVzaCIsImV4cCI6MTc0MzU4Mzg1OCwiaWF0IjoxNzM5MjYzODU4LCJqdGkiOiJiNGM3ZDE0NWI2MTY0ZWYzYjRmMjgwNTIxYzIwOWI4YyIsInVzZXJfaWQiOjJ9.eRC7o6EPTNEDws6c02OkSJh52zTjENToK0PrUszuUJE", "created_at": "2025-02-11T08:50:58.725Z", "expires_at": "2025-04-02T08:50:58Z"}}, {"model": "token_blacklist.outstandingtoken", "pk": 79, "fields": {"user": 2, "jti": "ed79a0733dcb494ba5c850377567583e", "token": "eyJhbGciOiJIUzI1NiIsInR5cCI6IkpXVCJ9.eyJ0b2tlbl90eXBlIjoicmVmcmVzaCIsImV4cCI6MTc0MzU4MzkwNCwiaWF0IjoxNzM5MjYzOTA0LCJqdGkiOiJlZDc5YTA3MzNkY2I0OTRiYTVjODUwMzc3NTY3NTgzZSIsInVzZXJfaWQiOjJ9.NccpEUIx5cFTkzFSDDmG_gyHkJWp-BBZYhYcPnzW6ic", "created_at": "2025-02-11T08:51:44.824Z", "expires_at": "2025-04-02T08:51:44Z"}}, {"model": "token_blacklist.outstandingtoken", "pk": 80, "fields": {"user": 2, "jti": "e70924a31a8841028d992243f88a0136", "token": "eyJhbGciOiJIUzI1NiIsInR5cCI6IkpXVCJ9.eyJ0b2tlbl90eXBlIjoicmVmcmVzaCIsImV4cCI6MTc0MzU4MzkzNywiaWF0IjoxNzM5MjYzOTM3LCJqdGkiOiJlNzA5MjRhMzFhODg0MTAyOGQ5OTIyNDNmODhhMDEzNiIsInVzZXJfaWQiOjJ9.r3PIQY5kVYpm11BK1f_YVSYPQxV3PhCzIVFt3ESqa7s", "created_at": "2025-02-11T08:52:17.781Z", "expires_at": "2025-04-02T08:52:17Z"}}, {"model": "token_blacklist.outstandingtoken", "pk": 81, "fields": {"user": 2, "jti": "e3c534b98930454498cf07fbd2176229", "token": "eyJhbGciOiJIUzI1NiIsInR5cCI6IkpXVCJ9.eyJ0b2tlbl90eXBlIjoicmVmcmVzaCIsImV4cCI6MTc0MzU4Mzk3OSwiaWF0IjoxNzM5MjYzOTc5LCJqdGkiOiJlM2M1MzRiOTg5MzA0NTQ0OThjZjA3ZmJkMjE3NjIyOSIsInVzZXJfaWQiOjJ9.k5Y4TuxBj4xEM8Li-K5tZEVnd4kD3yMN8aOBL92RKMM", "created_at": "2025-02-11T08:52:59.142Z", "expires_at": "2025-04-02T08:52:59Z"}}, {"model": "token_blacklist.outstandingtoken", "pk": 82, "fields": {"user": 2, "jti": "51289e60181c4b82a6f73928b34a75f2", "token": "eyJhbGciOiJIUzI1NiIsInR5cCI6IkpXVCJ9.eyJ0b2tlbl90eXBlIjoicmVmcmVzaCIsImV4cCI6MTc0MzU4NDQ2OSwiaWF0IjoxNzM5MjY0NDY5LCJqdGkiOiI1MTI4OWU2MDE4MWM0YjgyYTZmNzM5MjhiMzRhNzVmMiIsInVzZXJfaWQiOjJ9.Kn6mhtMbrI6-VIb1-uHRpRS3vd4Jkp474fXhiFs8LFs", "created_at": "2025-02-11T09:01:09.091Z", "expires_at": "2025-04-02T09:01:09Z"}}, {"model": "token_blacklist.outstandingtoken", "pk": 83, "fields": {"user": 2, "jti": "41b77c0097654fd98db0d21b1244baa4", "token": "eyJhbGciOiJIUzI1NiIsInR5cCI6IkpXVCJ9.eyJ0b2tlbl90eXBlIjoicmVmcmVzaCIsImV4cCI6MTc0MzU4NDc3NCwiaWF0IjoxNzM5MjY0Nzc0LCJqdGkiOiI0MWI3N2MwMDk3NjU0ZmQ5OGRiMGQyMWIxMjQ0YmFhNCIsInVzZXJfaWQiOjJ9.nxrmH_aeyVCb-32yCP-xvenPx8oEnH8HoVW2tNaSCQ8", "created_at": "2025-02-11T09:06:14.061Z", "expires_at": "2025-04-02T09:06:14Z"}}, {"model": "token_blacklist.outstandingtoken", "pk": 84, "fields": {"user": 2, "jti": "e3cd2730faef4de4883b55e77c599257", "token": "eyJhbGciOiJIUzI1NiIsInR5cCI6IkpXVCJ9.eyJ0b2tlbl90eXBlIjoicmVmcmVzaCIsImV4cCI6MTc0MzU4NjY5MywiaWF0IjoxNzM5MjY2NjkzLCJqdGkiOiJlM2NkMjczMGZhZWY0ZGU0ODgzYjU1ZTc3YzU5OTI1NyIsInVzZXJfaWQiOjJ9.UnGKz70S5uXbXuxVvuYPxd_XgokI6qWYap2KL1fRc20", "created_at": "2025-02-11T09:38:13.090Z", "expires_at": "2025-04-02T09:38:13Z"}}, {"model": "token_blacklist.outstandingtoken", "pk": 85, "fields": {"user": 2, "jti": "b851e286d814401baa6b4725b74e7460", "token": "eyJhbGciOiJIUzI1NiIsInR5cCI6IkpXVCJ9.eyJ0b2tlbl90eXBlIjoicmVmcmVzaCIsImV4cCI6MTc0MzU4NjcxMSwiaWF0IjoxNzM5MjY2NzExLCJqdGkiOiJiODUxZTI4NmQ4MTQ0MDFiYWE2YjQ3MjViNzRlNzQ2MCIsInVzZXJfaWQiOjJ9.ayrbc9PYVn7NyKh584zL07NAR3pOGE8qq76MWlMeuIs", "created_at": "2025-02-11T09:38:31.647Z", "expires_at": "2025-04-02T09:38:31Z"}}, {"model": "token_blacklist.outstandingtoken", "pk": 86, "fields": {"user": 2, "jti": "8508288fd368437c9de799765393b8b9", "token": "eyJhbGciOiJIUzI1NiIsInR5cCI6IkpXVCJ9.eyJ0b2tlbl90eXBlIjoicmVmcmVzaCIsImV4cCI6MTc0MzU4NjgwNiwiaWF0IjoxNzM5MjY2ODA2LCJqdGkiOiI4NTA4Mjg4ZmQzNjg0MzdjOWRlNzk5NzY1MzkzYjhiOSIsInVzZXJfaWQiOjJ9.OMb62vyHWJwEKY5K2NNpmkVzc0KQ41lWkaBayHs0dHc", "created_at": "2025-02-11T09:40:06.003Z", "expires_at": "2025-04-02T09:40:06Z"}}, {"model": "token_blacklist.outstandingtoken", "pk": 87, "fields": {"user": 2, "jti": "e35590bf1b4e489fa6b8f906e0886c3b", "token": "eyJhbGciOiJIUzI1NiIsInR5cCI6IkpXVCJ9.eyJ0b2tlbl90eXBlIjoicmVmcmVzaCIsImV4cCI6MTc0MzU4NzA1MSwiaWF0IjoxNzM5MjY3MDUxLCJqdGkiOiJlMzU1OTBiZjFiNGU0ODlmYTZiOGY5MDZlMDg4NmMzYiIsInVzZXJfaWQiOjJ9.KAds7R1oWAfQ9vQBEB8UtlzdzxQ-SFrRhLApF4trvDA", "created_at": "2025-02-11T09:44:11.215Z", "expires_at": "2025-04-02T09:44:11Z"}}, {"model": "token_blacklist.outstandingtoken", "pk": 88, "fields": {"user": 2, "jti": "a91f55a40a3d4872a249db5573b9628c", "token": "eyJhbGciOiJIUzI1NiIsInR5cCI6IkpXVCJ9.eyJ0b2tlbl90eXBlIjoicmVmcmVzaCIsImV4cCI6MTc0MzU4NzE1NSwiaWF0IjoxNzM5MjY3MTU1LCJqdGkiOiJhOTFmNTVhNDBhM2Q0ODcyYTI0OWRiNTU3M2I5NjI4YyIsInVzZXJfaWQiOjJ9.RztiEq4LIOef7IinNfwMZi_nlvoGYQLXVoUXcEMN89k", "created_at": "2025-02-11T09:45:55.809Z", "expires_at": "2025-04-02T09:45:55Z"}}, {"model": "token_blacklist.outstandingtoken", "pk": 89, "fields": {"user": 2, "jti": "a3d701ae26114071b94bf195b6b1553b", "token": "eyJhbGciOiJIUzI1NiIsInR5cCI6IkpXVCJ9.eyJ0b2tlbl90eXBlIjoicmVmcmVzaCIsImV4cCI6MTc0MzU4NzI1MCwiaWF0IjoxNzM5MjY3MjUwLCJqdGkiOiJhM2Q3MDFhZTI2MTE0MDcxYjk0YmYxOTViNmIxNTUzYiIsInVzZXJfaWQiOjJ9.xcsfPuTqJ4LE2OQFsTWFxYIaHoslKRF9X2ecValxdQU", "created_at": "2025-02-11T09:47:30.419Z", "expires_at": "2025-04-02T09:47:30Z"}}, {"model": "token_blacklist.outstandingtoken", "pk": 90, "fields": {"user": 2, "jti": "233255155b354f8285c746d4cd96ac86", "token": "eyJhbGciOiJIUzI1NiIsInR5cCI6IkpXVCJ9.eyJ0b2tlbl90eXBlIjoicmVmcmVzaCIsImV4cCI6MTc0MzU4NzI3MywiaWF0IjoxNzM5MjY3MjczLCJqdGkiOiIyMzMyNTUxNTViMzU0ZjgyODVjNzQ2ZDRjZDk2YWM4NiIsInVzZXJfaWQiOjJ9.qRaY1HLTvoQZTtNn_Oekl_nF5N8yUpff_AO1hYCg_aM", "created_at": "2025-02-11T09:47:53.191Z", "expires_at": "2025-04-02T09:47:53Z"}}, {"model": "token_blacklist.outstandingtoken", "pk": 91, "fields": {"user": 2, "jti": "82981b5a1dbd4994998aca7d6928b9b9", "token": "eyJhbGciOiJIUzI1NiIsInR5cCI6IkpXVCJ9.eyJ0b2tlbl90eXBlIjoicmVmcmVzaCIsImV4cCI6MTc0MzU4NzQyMSwiaWF0IjoxNzM5MjY3NDIxLCJqdGkiOiI4Mjk4MWI1YTFkYmQ0OTk0OTk4YWNhN2Q2OTI4YjliOSIsInVzZXJfaWQiOjJ9.Lqe2Oi-OwTNJqGHIdyYkrlnRGvr7Q7YRwmldKvR_-xk", "created_at": "2025-02-11T09:50:21.474Z", "expires_at": "2025-04-02T09:50:21Z"}}, {"model": "token_blacklist.outstandingtoken", "pk": 92, "fields": {"user": 2, "jti": "ecd0d3a6ddb0434dbee79b8b6d75a54c", "token": "eyJhbGciOiJIUzI1NiIsInR5cCI6IkpXVCJ9.eyJ0b2tlbl90eXBlIjoicmVmcmVzaCIsImV4cCI6MTc0MzU4NzQ1NCwiaWF0IjoxNzM5MjY3NDU0LCJqdGkiOiJlY2QwZDNhNmRkYjA0MzRkYmVlNzliOGI2ZDc1YTU0YyIsInVzZXJfaWQiOjJ9.MEG66LLgm_5m7SxU5FCdZYLg9iIMULlvM5rYrevePl8", "created_at": "2025-02-11T09:50:54.093Z", "expires_at": "2025-04-02T09:50:54Z"}}, {"model": "token_blacklist.outstandingtoken", "pk": 93, "fields": {"user": 2, "jti": "da8f19dd6ef04d0d88fc558ced556b1a", "token": "eyJhbGciOiJIUzI1NiIsInR5cCI6IkpXVCJ9.eyJ0b2tlbl90eXBlIjoicmVmcmVzaCIsImV4cCI6MTc0MzU4NzUxNiwiaWF0IjoxNzM5MjY3NTE2LCJqdGkiOiJkYThmMTlkZDZlZjA0ZDBkODhmYzU1OGNlZDU1NmIxYSIsInVzZXJfaWQiOjJ9.HhZx-jIq_yAC4dY8vVVglXJpcH_N3aBjbVChNHyG6C8", "created_at": "2025-02-11T09:51:56.347Z", "expires_at": "2025-04-02T09:51:56Z"}}, {"model": "token_blacklist.outstandingtoken", "pk": 94, "fields": {"user": 2, "jti": "5b2ebe49b02746cf8fe30b3bccc059e0", "token": "eyJhbGciOiJIUzI1NiIsInR5cCI6IkpXVCJ9.eyJ0b2tlbl90eXBlIjoicmVmcmVzaCIsImV4cCI6MTc0MzU4ODcwMiwiaWF0IjoxNzM5MjY4NzAyLCJqdGkiOiI1YjJlYmU0OWIwMjc0NmNmOGZlMzBiM2JjY2MwNTllMCIsInVzZXJfaWQiOjJ9.Nn8PCSkzJAUqbRW2vWcteun2yy3R-ztLXMzCebWMOI8", "created_at": "2025-02-11T10:11:42.018Z", "expires_at": "2025-04-02T10:11:42Z"}}, {"model": "token_blacklist.outstandingtoken", "pk": 95, "fields": {"user": 2, "jti": "842d318622bf46d898158158cca1b808", "token": "eyJhbGciOiJIUzI1NiIsInR5cCI6IkpXVCJ9.eyJ0b2tlbl90eXBlIjoicmVmcmVzaCIsImV4cCI6MTc0MzU4ODcxMywiaWF0IjoxNzM5MjY4NzEzLCJqdGkiOiI4NDJkMzE4NjIyYmY0NmQ4OTgxNTgxNThjY2ExYjgwOCIsInVzZXJfaWQiOjJ9.WEk3z9-y1SYI1-PcivGyjCztmkJ9F3C27Tg_NVy0RzY", "created_at": "2025-02-11T10:11:53.036Z", "expires_at": "2025-04-02T10:11:53Z"}}, {"model": "token_blacklist.outstandingtoken", "pk": 96, "fields": {"user": 2, "jti": "af1461ee3e524f9cb2ba8aadeeef671d", "token": "eyJhbGciOiJIUzI1NiIsInR5cCI6IkpXVCJ9.eyJ0b2tlbl90eXBlIjoicmVmcmVzaCIsImV4cCI6MTc0MzU4ODk3OCwiaWF0IjoxNzM5MjY4OTc4LCJqdGkiOiJhZjE0NjFlZTNlNTI0ZjljYjJiYThhYWRlZWVmNjcxZCIsInVzZXJfaWQiOjJ9.E3uCAk8_l-RprRo91D_Ulygwc0VmCsMZFb8L_znUtJs", "created_at": "2025-02-11T10:16:18.176Z", "expires_at": "2025-04-02T10:16:18Z"}}, {"model": "token_blacklist.outstandingtoken", "pk": 97, "fields": {"user": 2, "jti": "e014d5cb0d484d65aafeecdadc48f9a8", "token": "eyJhbGciOiJIUzI1NiIsInR5cCI6IkpXVCJ9.eyJ0b2tlbl90eXBlIjoicmVmcmVzaCIsImV4cCI6MTc0MzU4OTcwMSwiaWF0IjoxNzM5MjY5NzAxLCJqdGkiOiJlMDE0ZDVjYjBkNDg0ZDY1YWFmZWVjZGFkYzQ4ZjlhOCIsInVzZXJfaWQiOjJ9.Uczk6CyiOUDR6keYKQN36qEIF1HtBE5VYgbFwg8fOh8", "created_at": "2025-02-11T10:28:21.883Z", "expires_at": "2025-04-02T10:28:21Z"}}, {"model": "token_blacklist.outstandingtoken", "pk": 98, "fields": {"user": 2, "jti": "31f59b545df04dbea162bab618377467", "token": "eyJhbGciOiJIUzI1NiIsInR5cCI6IkpXVCJ9.eyJ0b2tlbl90eXBlIjoicmVmcmVzaCIsImV4cCI6MTc0MzU4OTg5NiwiaWF0IjoxNzM5MjY5ODk2LCJqdGkiOiIzMWY1OWI1NDVkZjA0ZGJlYTE2MmJhYjYxODM3NzQ2NyIsInVzZXJfaWQiOjJ9.eFpao8fDPsimcjDrcjQJZpLyAC9yMpZ0FSU7jPyjifU", "created_at": "2025-02-11T10:31:36.253Z", "expires_at": "2025-04-02T10:31:36Z"}}, {"model": "token_blacklist.outstandingtoken", "pk": 99, "fields": {"user": 2, "jti": "d21c55e23d6d408a9d63593a2a3e7f29", "token": "eyJhbGciOiJIUzI1NiIsInR5cCI6IkpXVCJ9.eyJ0b2tlbl90eXBlIjoicmVmcmVzaCIsImV4cCI6MTc0MzU5MDE1NywiaWF0IjoxNzM5MjcwMTU3LCJqdGkiOiJkMjFjNTVlMjNkNmQ0MDhhOWQ2MzU5M2EyYTNlN2YyOSIsInVzZXJfaWQiOjJ9.eCAdIKKAlKshpytYpRS9MgqiHGjZjmNMlZsXlZuCrK8", "created_at": "2025-02-11T10:35:57.006Z", "expires_at": "2025-04-02T10:35:57Z"}}, {"model": "token_blacklist.outstandingtoken", "pk": 100, "fields": {"user": 2, "jti": "07d461fc638d4964b1d944c0e3bb41ff", "token": "eyJhbGciOiJIUzI1NiIsInR5cCI6IkpXVCJ9.eyJ0b2tlbl90eXBlIjoicmVmcmVzaCIsImV4cCI6MTc0MzU5MDMyOSwiaWF0IjoxNzM5MjcwMzI5LCJqdGkiOiIwN2Q0NjFmYzYzOGQ0OTY0YjFkOTQ0YzBlM2JiNDFmZiIsInVzZXJfaWQiOjJ9.W1zHrVDMPecpP8CLaxT5Pcu200-l8gEE2L8DHWR0kXs", "created_at": "2025-02-11T10:38:49.292Z", "expires_at": "2025-04-02T10:38:49Z"}}, {"model": "token_blacklist.outstandingtoken", "pk": 101, "fields": {"user": 2, "jti": "c595cbde34fb43238ec5f41671533132", "token": "eyJhbGciOiJIUzI1NiIsInR5cCI6IkpXVCJ9.eyJ0b2tlbl90eXBlIjoicmVmcmVzaCIsImV4cCI6MTc0MzU5MDQzNCwiaWF0IjoxNzM5MjcwNDM0LCJqdGkiOiJjNTk1Y2JkZTM0ZmI0MzIzOGVjNWY0MTY3MTUzMzEzMiIsInVzZXJfaWQiOjJ9.IGgkn8t70VxIhSZM8lkTflN3Xekhn6Yq1A8I0JWvvno", "created_at": "2025-02-11T10:40:34.448Z", "expires_at": "2025-04-02T10:40:34Z"}}, {"model": "token_blacklist.outstandingtoken", "pk": 102, "fields": {"user": 2, "jti": "d5dcf33aa22945388b7f0285ea36ec8b", "token": "eyJhbGciOiJIUzI1NiIsInR5cCI6IkpXVCJ9.eyJ0b2tlbl90eXBlIjoicmVmcmVzaCIsImV4cCI6MTc0MzU5MDQ4NiwiaWF0IjoxNzM5MjcwNDg2LCJqdGkiOiJkNWRjZjMzYWEyMjk0NTM4OGI3ZjAyODVlYTM2ZWM4YiIsInVzZXJfaWQiOjJ9.ie8k74sGux57t2eAV3rFRpruTsEpdpLLqv9336tRqx8", "created_at": "2025-02-11T10:41:26.992Z", "expires_at": "2025-04-02T10:41:26Z"}}, {"model": "token_blacklist.outstandingtoken", "pk": 103, "fields": {"user": 2, "jti": "a96bd6701c464073bd6c0527ac27bee9", "token": "eyJhbGciOiJIUzI1NiIsInR5cCI6IkpXVCJ9.eyJ0b2tlbl90eXBlIjoicmVmcmVzaCIsImV4cCI6MTc0MzU5MDU3MCwiaWF0IjoxNzM5MjcwNTcwLCJqdGkiOiJhOTZiZDY3MDFjNDY0MDczYmQ2YzA1MjdhYzI3YmVlOSIsInVzZXJfaWQiOjJ9.ZqTXS2TpXb4cMBEN_9L94e0K2kJzu9kbnuQKkI9z380", "created_at": "2025-02-11T10:42:50.554Z", "expires_at": "2025-04-02T10:42:50Z"}}, {"model": "token_blacklist.outstandingtoken", "pk": 104, "fields": {"user": 2, "jti": "75b06c96dbcc4acfb87a10a5950bb4cc", "token": "eyJhbGciOiJIUzI1NiIsInR5cCI6IkpXVCJ9.eyJ0b2tlbl90eXBlIjoicmVmcmVzaCIsImV4cCI6MTc0MzU5MDU4OCwiaWF0IjoxNzM5MjcwNTg4LCJqdGkiOiI3NWIwNmM5NmRiY2M0YWNmYjg3YTEwYTU5NTBiYjRjYyIsInVzZXJfaWQiOjJ9.uFI0rNlPimk4yHm3Sdrwky71z4Sz0ugkZyrZtnnBWbc", "created_at": "2025-02-11T10:43:08.927Z", "expires_at": "2025-04-02T10:43:08Z"}}, {"model": "token_blacklist.outstandingtoken", "pk": 105, "fields": {"user": 2, "jti": "792683a6b88b42a5a1261724073ff0ac", "token": "eyJhbGciOiJIUzI1NiIsInR5cCI6IkpXVCJ9.eyJ0b2tlbl90eXBlIjoicmVmcmVzaCIsImV4cCI6MTc0MzU5MDYzMSwiaWF0IjoxNzM5MjcwNjMxLCJqdGkiOiI3OTI2ODNhNmI4OGI0MmE1YTEyNjE3MjQwNzNmZjBhYyIsInVzZXJfaWQiOjJ9.RUMdxCYmCoVeh8rAouHOgt945I_cgUguV4pnf8P7EP8", "created_at": "2025-02-11T10:43:51.322Z", "expires_at": "2025-04-02T10:43:51Z"}}, {"model": "token_blacklist.outstandingtoken", "pk": 106, "fields": {"user": 2, "jti": "9fe94df0244c4391aa28f056ffda8795", "token": "eyJhbGciOiJIUzI1NiIsInR5cCI6IkpXVCJ9.eyJ0b2tlbl90eXBlIjoicmVmcmVzaCIsImV4cCI6MTc0MzU5MDY2MywiaWF0IjoxNzM5MjcwNjYzLCJqdGkiOiI5ZmU5NGRmMDI0NGM0MzkxYWEyOGYwNTZmZmRhODc5NSIsInVzZXJfaWQiOjJ9.ll4AeMR58iVrkZLw_0U6cTks2jYWBlWp9hQOJWc5s3A", "created_at": "2025-02-11T10:44:23.566Z", "expires_at": "2025-04-02T10:44:23Z"}}, {"model": "token_blacklist.outstandingtoken", "pk": 107, "fields": {"user": 2, "jti": "d5a65ed56280440da60df198291369c3", "token": "eyJhbGciOiJIUzI1NiIsInR5cCI6IkpXVCJ9.eyJ0b2tlbl90eXBlIjoicmVmcmVzaCIsImV4cCI6MTc0MzU5MDgxMiwiaWF0IjoxNzM5MjcwODEyLCJqdGkiOiJkNWE2NWVkNTYyODA0NDBkYTYwZGYxOTgyOTEzNjljMyIsInVzZXJfaWQiOjJ9.K-ONphnlpOD9V31TXnTqq54tdeHJv4-y5ARzVZSYpoA", "created_at": "2025-02-11T10:46:52.772Z", "expires_at": "2025-04-02T10:46:52Z"}}, {"model": "token_blacklist.outstandingtoken", "pk": 108, "fields": {"user": 2, "jti": "5665ede902a0457c955775bdc4425af2", "token": "eyJhbGciOiJIUzI1NiIsInR5cCI6IkpXVCJ9.eyJ0b2tlbl90eXBlIjoicmVmcmVzaCIsImV4cCI6MTc0MzU5MDg4MSwiaWF0IjoxNzM5MjcwODgxLCJqdGkiOiI1NjY1ZWRlOTAyYTA0NTdjOTU1Nzc1YmRjNDQyNWFmMiIsInVzZXJfaWQiOjJ9.BEQIfPkrhqOjoVmpKVK-ecuzpMUG6_RF6fHDVILd7rk", "created_at": "2025-02-11T10:48:01.503Z", "expires_at": "2025-04-02T10:48:01Z"}}, {"model": "token_blacklist.outstandingtoken", "pk": 109, "fields": {"user": 2, "jti": "c7aa45f955344804b65d9b9f51c59a2e", "token": "eyJhbGciOiJIUzI1NiIsInR5cCI6IkpXVCJ9.eyJ0b2tlbl90eXBlIjoicmVmcmVzaCIsImV4cCI6MTc0MzU5MDk1NywiaWF0IjoxNzM5MjcwOTU3LCJqdGkiOiJjN2FhNDVmOTU1MzQ0ODA0YjY1ZDliOWY1MWM1OWEyZSIsInVzZXJfaWQiOjJ9.538susMGkGR8zxhPB8WNLIYigRPfKSn5TM_Aec-yTQs", "created_at": "2025-02-11T10:49:17.094Z", "expires_at": "2025-04-02T10:49:17Z"}}, {"model": "token_blacklist.outstandingtoken", "pk": 110, "fields": {"user": 2, "jti": "d33f66030383494ab1daa2c93abcf3c5", "token": "eyJhbGciOiJIUzI1NiIsInR5cCI6IkpXVCJ9.eyJ0b2tlbl90eXBlIjoicmVmcmVzaCIsImV4cCI6MTc0MzU5MTAyNCwiaWF0IjoxNzM5MjcxMDI0LCJqdGkiOiJkMzNmNjYwMzAzODM0OTRhYjFkYWEyYzkzYWJjZjNjNSIsInVzZXJfaWQiOjJ9.RIi9OJP1xqTFIClIO1FOnXq3hoJ2NnrhJ2-ha8FLA7M", "created_at": "2025-02-11T10:50:24.125Z", "expires_at": "2025-04-02T10:50:24Z"}}, {"model": "token_blacklist.outstandingtoken", "pk": 111, "fields": {"user": 2, "jti": "d2a3fe31335047f79ec72a5455c79583", "token": "eyJhbGciOiJIUzI1NiIsInR5cCI6IkpXVCJ9.eyJ0b2tlbl90eXBlIjoicmVmcmVzaCIsImV4cCI6MTc0MzU5MTA1NSwiaWF0IjoxNzM5MjcxMDU1LCJqdGkiOiJkMmEzZmUzMTMzNTA0N2Y3OWVjNzJhNTQ1NWM3OTU4MyIsInVzZXJfaWQiOjJ9.ix3yrcjkhvutZrZmtI-RFNrRHnjJjOEN9DlEAiJbYwg", "created_at": "2025-02-11T10:50:55.469Z", "expires_at": "2025-04-02T10:50:55Z"}}, {"model": "token_blacklist.outstandingtoken", "pk": 112, "fields": {"user": 2, "jti": "dd71942701bb4f1d9610dd6b47d33d39", "token": "eyJhbGciOiJIUzI1NiIsInR5cCI6IkpXVCJ9.eyJ0b2tlbl90eXBlIjoicmVmcmVzaCIsImV4cCI6MTc0MzU5MTE5NiwiaWF0IjoxNzM5MjcxMTk2LCJqdGkiOiJkZDcxOTQyNzAxYmI0ZjFkOTYxMGRkNmI0N2QzM2QzOSIsInVzZXJfaWQiOjJ9.HfCiRnqkeGaB4jmNnbicuR3Mk3ReonKoFlcUmaKi9e8", "created_at": "2025-02-11T10:53:16.678Z", "expires_at": "2025-04-02T10:53:16Z"}}, {"model": "token_blacklist.outstandingtoken", "pk": 113, "fields": {"user": 2, "jti": "e65362c790c741febc7bbcd9e0a2ba5b", "token": "eyJhbGciOiJIUzI1NiIsInR5cCI6IkpXVCJ9.eyJ0b2tlbl90eXBlIjoicmVmcmVzaCIsImV4cCI6MTc0MzU5MTM3MywiaWF0IjoxNzM5MjcxMzczLCJqdGkiOiJlNjUzNjJjNzkwYzc0MWZlYmM3YmJjZDllMGEyYmE1YiIsInVzZXJfaWQiOjJ9.6E7y5vP3ILlavhIlO2QXdmNfl8MaEaNM2FmlztZ8NSE", "created_at": "2025-02-11T10:56:13.287Z", "expires_at": "2025-04-02T10:56:13Z"}}, {"model": "token_blacklist.outstandingtoken", "pk": 114, "fields": {"user": 2, "jti": "22e2d701237440e085b8805dfcedad0b", "token": "eyJhbGciOiJIUzI1NiIsInR5cCI6IkpXVCJ9.eyJ0b2tlbl90eXBlIjoicmVmcmVzaCIsImV4cCI6MTc0MzU5MjI3NCwiaWF0IjoxNzM5MjcyMjc0LCJqdGkiOiIyMmUyZDcwMTIzNzQ0MGUwODViODgwNWRmY2VkYWQwYiIsInVzZXJfaWQiOjJ9.ooAeuokgacdHftCDTG1zy3-mAZTvCCZSh_-l7c1IzKU", "created_at": "2025-02-11T11:11:14.010Z", "expires_at": "2025-04-02T11:11:14Z"}}, {"model": "token_blacklist.outstandingtoken", "pk": 115, "fields": {"user": 2, "jti": "e33800627f47412f8f5d9785560ada36", "token": "eyJhbGciOiJIUzI1NiIsInR5cCI6IkpXVCJ9.eyJ0b2tlbl90eXBlIjoicmVmcmVzaCIsImV4cCI6MTc0MzU5MzAwMywiaWF0IjoxNzM5MjczMDAzLCJqdGkiOiJlMzM4MDA2MjdmNDc0MTJmOGY1ZDk3ODU1NjBhZGEzNiIsInVzZXJfaWQiOjJ9.HXPS1X0KnrPXa3bt1mBBxTGjYbT7qBJmYMXGQUzNmm0", "created_at": "2025-02-11T11:23:23.930Z", "expires_at": "2025-04-02T11:23:23Z"}}, {"model": "token_blacklist.outstandingtoken", "pk": 116, "fields": {"user": 2, "jti": "a259d1e597b54f729cfe660ee83757ca", "token": "eyJhbGciOiJIUzI1NiIsInR5cCI6IkpXVCJ9.eyJ0b2tlbl90eXBlIjoicmVmcmVzaCIsImV4cCI6MTc0MzU5Mzc3NSwiaWF0IjoxNzM5MjczNzc1LCJqdGkiOiJhMjU5ZDFlNTk3YjU0ZjcyOWNmZTY2MGVlODM3NTdjYSIsInVzZXJfaWQiOjJ9.sVkPM3oef7u-ZWnIEdWMzqnY_4a4r8IrvP09Wo1JS08", "created_at": "2025-02-11T11:36:15.667Z", "expires_at": "2025-04-02T11:36:15Z"}}, {"model": "token_blacklist.outstandingtoken", "pk": 117, "fields": {"user": 2, "jti": "9cbe4e1a4f1e49688cf77b8b98eb38cb", "token": "eyJhbGciOiJIUzI1NiIsInR5cCI6IkpXVCJ9.eyJ0b2tlbl90eXBlIjoicmVmcmVzaCIsImV4cCI6MTc0MzU5NjI0MiwiaWF0IjoxNzM5Mjc2MjQyLCJqdGkiOiI5Y2JlNGUxYTRmMWU0OTY4OGNmNzdiOGI5OGViMzhjYiIsInVzZXJfaWQiOjJ9.jnXjh0cd1kGyJo0y0CsgyvcmziL7dP5mZVy3xrmlrjM", "created_at": "2025-02-11T12:17:22.693Z", "expires_at": "2025-04-02T12:17:22Z"}}, {"model": "token_blacklist.outstandingtoken", "pk": 118, "fields": {"user": 2, "jti": "95d1a16bb5bd4185ab253e5aa0ca56d9", "token": "eyJhbGciOiJIUzI1NiIsInR5cCI6IkpXVCJ9.eyJ0b2tlbl90eXBlIjoicmVmcmVzaCIsImV4cCI6MTc0MzU5OTQ1MiwiaWF0IjoxNzM5Mjc5NDUyLCJqdGkiOiI5NWQxYTE2YmI1YmQ0MTg1YWIyNTNlNWFhMGNhNTZkOSIsInVzZXJfaWQiOjJ9.O5c0FH8iSeqnvDVqBL5m_NiOc4v-6RzOl7Q7a-9CMmY", "created_at": "2025-02-11T13:10:52.842Z", "expires_at": "2025-04-02T13:10:52Z"}}, {"model": "token_blacklist.outstandingtoken", "pk": 119, "fields": {"user": 2, "jti": "ae6f91e550b34abf88177cb3431cdb54", "token": "eyJhbGciOiJIUzI1NiIsInR5cCI6IkpXVCJ9.eyJ0b2tlbl90eXBlIjoicmVmcmVzaCIsImV4cCI6MTc0MzYwNzIyNiwiaWF0IjoxNzM5Mjg3MjI2LCJqdGkiOiJhZTZmOTFlNTUwYjM0YWJmODgxNzdjYjM0MzFjZGI1NCIsInVzZXJfaWQiOjJ9.JuzYyu0aAGDabgEp48yABW3D_KMYzAQ5efV3Vt0wiiU", "created_at": "2025-02-11T15:20:26.388Z", "expires_at": "2025-04-02T15:20:26Z"}}, {"model": "token_blacklist.outstandingtoken", "pk": 120, "fields": {"user": 2, "jti": "a7cb82d2f0b34f2ea2cf8dfc85840756", "token": "eyJhbGciOiJIUzI1NiIsInR5cCI6IkpXVCJ9.eyJ0b2tlbl90eXBlIjoicmVmcmVzaCIsImV4cCI6MTc0MzYxMzk5MCwiaWF0IjoxNzM5MjkzOTkwLCJqdGkiOiJhN2NiODJkMmYwYjM0ZjJlYTJjZjhkZmM4NTg0MDc1NiIsInVzZXJfaWQiOjJ9.FpDq6WZvWUC08XSEg9QBdkL37fo2_xq8k_495UJ_EoM", "created_at": "2025-02-11T17:13:10.954Z", "expires_at": "2025-04-02T17:13:10Z"}}, {"model": "token_blacklist.outstandingtoken", "pk": 121, "fields": {"user": 2, "jti": "947463077d364c0799fd5d49164ffd14", "token": "eyJhbGciOiJIUzI1NiIsInR5cCI6IkpXVCJ9.eyJ0b2tlbl90eXBlIjoicmVmcmVzaCIsImV4cCI6MTc0MzY2ODQ0NCwiaWF0IjoxNzM5MzQ4NDQ0LCJqdGkiOiI5NDc0NjMwNzdkMzY0YzA3OTlmZDVkNDkxNjRmZmQxNCIsInVzZXJfaWQiOjJ9.3kehw3yPPKsKpZJhpSPWtVJKkDbozYCvESDLwrxFyBs", "created_at": "2025-02-12T08:20:44.253Z", "expires_at": "2025-04-03T08:20:44Z"}}, {"model": "token_blacklist.outstandingtoken", "pk": 122, "fields": {"user": 2, "jti": "b74f18244b9541eb9335493013965df5", "token": "eyJhbGciOiJIUzI1NiIsInR5cCI6IkpXVCJ9.eyJ0b2tlbl90eXBlIjoicmVmcmVzaCIsImV4cCI6MTc0MzY3NDA4NCwiaWF0IjoxNzM5MzU0MDg0LCJqdGkiOiJiNzRmMTgyNDRiOTU0MWViOTMzNTQ5MzAxMzk2NWRmNSIsInVzZXJfaWQiOjJ9.-0q2v9y96JomWtYwpv-gJ_yj_mJWQP-Ap4inP63XjNg", "created_at": "2025-02-12T09:54:44.276Z", "expires_at": "2025-04-03T09:54:44Z"}}, {"model": "token_blacklist.outstandingtoken", "pk": 123, "fields": {"user": 2, "jti": "ac807e29e5ed496aaadaf9b03158ba47", "token": "eyJhbGciOiJIUzI1NiIsInR5cCI6IkpXVCJ9.eyJ0b2tlbl90eXBlIjoicmVmcmVzaCIsImV4cCI6MTc0MzY3ODQwNiwiaWF0IjoxNzM5MzU4NDA2LCJqdGkiOiJhYzgwN2UyOWU1ZWQ0OTZhYWFkYWY5YjAzMTU4YmE0NyIsInVzZXJfaWQiOjJ9.KpW83ypPX9D6ckWRBrkrFiJgTLGDtQ6PBcJLJK9OpUk", "created_at": "2025-02-12T11:06:46.229Z", "expires_at": "2025-04-03T11:06:46Z"}}, {"model": "token_blacklist.outstandingtoken", "pk": 124, "fields": {"user": 2, "jti": "710f0359e8334d729a39ec105bec5482", "token": "eyJhbGciOiJIUzI1NiIsInR5cCI6IkpXVCJ9.eyJ0b2tlbl90eXBlIjoicmVmcmVzaCIsImV4cCI6MTc0MzY5NzU2NywiaWF0IjoxNzM5Mzc3NTY3LCJqdGkiOiI3MTBmMDM1OWU4MzM0ZDcyOWEzOWVjMTA1YmVjNTQ4MiIsInVzZXJfaWQiOjJ9.0BxG4NCuVziKvDCGzyp6mkr7NpWaW8hbCxMuhQqQyF4", "created_at": "2025-02-12T16:26:07.762Z", "expires_at": "2025-04-03T16:26:07Z"}}, {"model": "token_blacklist.blacklistedtoken", "pk": 1, "fields": {"token": 1, "blacklisted_at": "2025-02-10T14:43:53.951Z"}}, {"model": "token_blacklist.blacklistedtoken", "pk": 2, "fields": {"token": 92, "blacklisted_at": "2025-02-11T10:10:14.234Z"}}, {"model": "token_blacklist.blacklistedtoken", "pk": 3, "fields": {"token": 106, "blacklisted_at": "2025-02-11T10:44:30.239Z"}}, {"model": "token_blacklist.blacklistedtoken", "pk": 4, "fields": {"token": 107, "blacklisted_at": "2025-02-11T10:47:01.954Z"}}, {"model": "token_blacklist.blacklistedtoken", "pk": 5, "fields": {"token": 108, "blacklisted_at": "2025-02-11T10:48:07.489Z"}}, {"model": "token_blacklist.blacklistedtoken", "pk": 6, "fields": {"token": 109, "blacklisted_at": "2025-02-11T10:49:20.778Z"}}, {"model": "token_blacklist.blacklistedtoken", "pk": 7, "fields": {"token": 110, "blacklisted_at": "2025-02-11T10:50:26.799Z"}}, {"model": "token_blacklist.blacklistedtoken", "pk": 8, "fields": {"token": 112, "blacklisted_at": "2025-02-11T10:56:05.275Z"}}, {"model": "token_blacklist.blacklistedtoken", "pk": 9, "fields": {"token": 115, "blacklisted_at": "2025-02-11T11:36:08.240Z"}}, {"model": "token_blacklist.blacklistedtoken", "pk": 10, "fields": {"token": 116, "blacklisted_at": "2025-02-11T12:17:12.508Z"}}, {"model": "token_blacklist.blacklistedtoken", "pk": 11, "fields": {"token": 117, "blacklisted_at": "2025-02-11T12:18:03.383Z"}}, {"model": "token_blacklist.blacklistedtoken", "pk": 12, "fields": {"token": 123, "blacklisted_at": "2025-02-12T16:26:02.223Z"}}]